DATE,DEXJPUS,DEXCAUS,DEXCHUS,SP500
2014-01-01,,,,
2014-01-02,104.84,1.0634,6.0504,1831.98
2014-01-03,104.46,1.0612,6.0505,1831.37
2014-01-06,104.38,1.0658,6.0524,1826.77
2014-01-07,104.54,1.0742,6.0507,1837.88
2014-01-08,104.87,1.0802,6.051,1837.49
2014-01-09,104.74,1.085,6.054,1838.13
2014-01-10,104.06,1.0915,6.0519,1842.37
2014-01-13,103.31,1.0868,6.0432,1819.2
2014-01-14,103.8,1.0934,6.0402,1838.88
2014-01-15,104.42,1.0932,6.0459,1848.38
2014-01-16,104.32,1.0926,6.0555,1845.89
2014-01-17,104.32,1.0959,6.05,1838.7
2014-01-20,,,,
2014-01-21,104.14,1.0971,6.0503,1843.8
2014-01-22,104.36,1.1069,6.0508,1844.86
2014-01-23,103.65,1.1128,6.0515,1828.46
2014-01-24,102.41,1.1063,6.0486,1790.29
2014-01-27,102.26,1.1097,6.0478,1781.56
2014-01-28,102.8,1.1148,6.0506,1792.5
2014-01-29,102.2,1.1147,6.0554,1774.2
2014-01-30,102.83,1.1171,6.06,1794.19
2014-01-31,102.28,1.1116,6.059,1782.59
2014-02-03,101.11,1.1074,6.06,1741.89
2014-02-04,101.62,1.1056,6.06,1755.2
2014-02-05,101.38,1.11,6.06,1751.64
2014-02-06,101.84,1.1065,6.06,1773.43
2014-02-07,102.32,1.1014,6.0629,1797.02
2014-02-10,102.14,1.1048,6.0591,1799.84
2014-02-11,102.63,1.1024,6.0601,1819.75
2014-02-12,102.48,1.0992,6.0614,1819.26
2014-02-13,102.2,1.0979,6.0631,1829.83
2014-02-14,101.82,1.0981,6.0666,1838.63
2014-02-17,,,,
2014-02-18,102.31,1.0952,6.0671,1840.76
2014-02-19,102.3,1.1045,6.0762,1828.75
2014-02-20,102.32,1.1104,6.0832,1839.78
2014-02-21,102.71,1.1128,6.0912,1836.25
2014-02-24,102.44,1.1058,6.0982,1847.61
2014-02-25,102.2,1.1085,6.1243,1845.12
2014-02-26,102.36,1.1117,6.1243,1845.16
2014-02-27,102.12,1.1137,6.1279,1854.29
2014-02-28,102.08,1.1075,6.1448,1859.45
2014-03-03,101.36,1.109,6.146,1845.73
2014-03-04,102.18,1.1113,6.143,1873.91
2014-03-05,102.32,1.105,6.128,1873.81
2014-03-06,103.03,1.0965,6.1183,1877.03
2014-03-07,103.38,1.1088,6.1258,1878.04
2014-03-10,103.23,1.1104,6.1383,1877.17
2014-03-11,103.18,1.1085,6.1397,1867.63
2014-03-12,102.74,1.113,6.1448,1868.2
2014-03-13,102.12,1.1059,6.1359,1846.34
2014-03-14,101.46,1.1087,6.15,1841.13
2014-03-17,101.62,1.1052,6.1779,1858.83
2014-03-18,101.37,1.1089,6.1918,1872.25
2014-03-19,101.54,1.1177,6.1934,1860.77
2014-03-20,102.39,1.1251,6.2273,1872.01
2014-03-21,102.38,1.1191,6.2248,1866.52
2014-03-24,102.21,1.1218,6.1956,1857.44
2014-03-25,102.32,1.1176,6.201,1865.62
2014-03-26,102.3,1.1143,6.2084,1852.56
2014-03-27,102.1,1.1056,6.2123,1849.04
2014-03-28,102.92,1.1066,6.2117,1857.62
2014-03-31,102.98,1.1053,6.2164,1872.34
2014-04-01,103.52,1.1026,6.2064,1885.52
2014-04-02,103.82,1.103,6.2054,1890.9
2014-04-03,103.94,1.1035,6.2102,1888.77
2014-04-04,103.39,1.0978,6.2118,1865.09
2014-04-07,103.04,1.0971,6.2118,1845.04
2014-04-08,102.12,1.0919,6.1966,1851.96
2014-04-09,101.85,1.0902,6.2003,1872.18
2014-04-10,101.43,1.0912,6.2123,1833.08
2014-04-11,101.56,1.096,6.2111,1815.69
2014-04-14,101.81,1.0968,6.2186,1830.61
2014-04-15,101.6,1.098,6.2215,1842.98
2014-04-16,102.3,1.1027,6.2204,1862.31
2014-04-17,102.22,1.0997,6.2188,1864.85
2014-04-18,102.43,1.1024,6.224,
2014-04-21,102.56,1.102,6.2269,1871.89
2014-04-22,102.6,1.1025,6.2373,1879.55
2014-04-23,102.26,1.1034,6.2374,1875.39
2014-04-24,102.34,1.1026,6.2484,1878.61
2014-04-25,102.12,1.1041,6.2534,1863.4
2014-04-28,102.46,1.1032,6.252,1869.43
2014-04-29,102.57,1.0963,6.2578,1878.33
2014-04-30,102.14,1.0956,6.2591,1883.95
2014-05-01,102.3,1.0965,6.2591,1883.68
2014-05-02,102.34,1.0973,6.2591,1881.14
2014-05-05,102.06,1.0955,6.2453,1884.66
2014-05-06,101.57,1.089,6.2255,1867.72
2014-05-07,101.72,1.0895,6.2349,1878.21
2014-05-08,101.66,1.0856,6.2272,1875.63
2014-05-09,101.74,1.0899,6.227,1878.48
2014-05-12,102.1,1.0886,6.2364,1896.65
2014-05-13,102.2,1.0892,6.2283,1897.45
2014-05-14,101.75,1.0887,6.2282,1888.53
2014-05-15,101.44,1.0887,6.2291,1870.85
2014-05-16,101.5,1.0883,6.2327,1877.86
2014-05-19,101.26,1.0861,6.2368,1885.08
2014-05-20,101.26,1.09,6.2377,1872.83
2014-05-21,101.44,1.0935,6.2335,1888.03
2014-05-22,101.76,1.0897,6.2348,1892.49
2014-05-23,101.88,1.087,6.2363,1900.53
2014-05-26,,,,
2014-05-27,102.14,1.0869,6.2471,1911.91
2014-05-28,101.78,1.0867,6.2535,1909.78
2014-05-29,101.58,1.0837,6.2375,1920.03
2014-05-30,101.77,1.0867,6.2471,1923.57
2014-06-02,102.3,1.0894,6.2471,1924.97
2014-06-03,102.42,1.0915,6.2536,1924.24
2014-06-04,102.69,1.0937,6.2494,1927.88
2014-06-05,102.44,1.0935,6.2548,1940.46
2014-06-06,102.5,1.0936,6.2498,1949.44
2014-06-09,102.52,1.0908,6.2397,1951.27
2014-06-10,102.37,1.0914,6.224,1950.79
2014-06-11,101.94,1.0867,6.2277,1943.89
2014-06-12,101.83,1.0851,6.2175,1930.11
2014-06-13,102.06,1.0868,6.209,1936.16
2014-06-16,101.82,1.0849,6.225,1937.78
2014-06-17,102.18,1.0851,6.2263,1941.99
2014-06-18,102.16,1.087,6.2309,1956.98
2014-06-19,101.84,1.0828,6.2287,1959.48
2014-06-20,102.14,1.0766,6.224,1962.87
2014-06-23,101.9,1.0731,6.225,1962.61
2014-06-24,102.13,1.0739,6.2308,1949.98
2014-06-25,101.75,1.0721,6.2343,1959.53
2014-06-26,101.66,1.0706,6.2235,1957.22
2014-06-27,101.39,1.0676,6.218,1960.96
2014-06-30,101.28,1.0676,6.2036,1960.23
2014-07-01,101.51,1.0652,6.1995,1973.32
2014-07-02,101.76,1.0667,6.2101,1974.62
2014-07-03,102.19,1.0633,6.2115,1985.44
2014-07-04,,,,
2014-07-07,101.84,1.0662,6.2036,1977.65
2014-07-08,101.53,1.0674,6.201,1963.71
2014-07-09,101.7,1.0648,6.1994,1972.83
2014-07-10,101.26,1.0658,6.2023,1964.68
2014-07-11,101.33,1.072,6.2034,1967.57
2014-07-14,101.58,1.0721,6.2059,1977.1
2014-07-15,101.62,1.0766,6.2075,1973.28
2014-07-16,101.69,1.0749,6.2035,1981.57
2014-07-17,101.3,1.0753,6.2033,1958.12
2014-07-18,101.37,1.0737,6.2075,1978.22
2014-07-21,101.34,1.0736,6.2088,1973.63
2014-07-22,101.54,1.0744,6.2025,1983.53
2014-07-23,101.5,1.0739,6.1982,1987.01
2014-07-24,101.82,1.0741,6.1944,1987.98
2014-07-25,101.81,1.0814,6.1913,1978.34
2014-07-28,101.82,1.08,6.187,1978.91
2014-07-29,102.12,1.0851,6.18,1969.95
2014-07-30,102.9,1.0908,6.1712,1970.07
2014-07-31,102.75,1.0889,6.1737,1930.67
2014-08-01,102.45,1.0918,6.1793,1925.15
2014-08-04,102.47,1.0916,6.178,1938.99
2014-08-05,102.77,1.0969,6.1705,1920.21
2014-08-06,102.34,1.0926,6.1625,1920.24
2014-08-07,102.06,1.0922,6.1618,1909.57
2014-08-08,101.91,1.0982,6.1557,1931.59
2014-08-11,102.14,1.0933,6.1528,1936.92
2014-08-12,102.22,1.0944,6.1575,1933.75
2014-08-13,102.48,1.0929,6.1531,1946.72
2014-08-14,102.44,1.091,6.1575,1955.18
2014-08-15,102.19,1.091,6.147,1955.06
2014-08-18,102.54,1.0888,6.1425,1971.74
2014-08-19,102.86,1.0929,6.1425,1981.6
2014-08-20,103.36,1.0944,6.1395,1986.51
2014-08-21,103.78,1.0949,6.151,1992.37
2014-08-22,103.97,1.0949,6.151,1988.4
2014-08-25,103.96,1.098,6.154,1997.92
2014-08-26,104.12,1.095,6.1522,2000.02
2014-08-27,103.98,1.089,6.143,2000.12
2014-08-28,103.78,1.0857,6.1423,1996.74
2014-08-29,104.0,1.0858,6.143,2003.37
2014-09-01,,,,
2014-09-02,105.1,1.0923,6.148,2002.28
2014-09-03,104.88,1.0872,6.1408,2000.72
2014-09-04,105.22,1.0862,6.1383,1997.65
2014-09-05,104.94,1.089,6.14,2007.71
2014-09-08,105.65,1.0933,6.14,2001.54
2014-09-09,106.32,1.101,6.1362,1988.44
2014-09-10,106.76,1.0954,6.1284,1995.69
2014-09-11,106.87,1.1032,6.1295,1997.45
2014-09-12,107.24,1.1075,6.1344,1985.54
2014-09-15,107.18,1.105,6.1415,1984.13
2014-09-16,106.91,1.0985,6.1459,1998.98
2014-09-17,107.58,1.0951,6.1385,2001.57
2014-09-18,108.69,1.0946,6.14,2011.36
2014-09-19,108.96,1.0968,6.1403,2010.4
2014-09-22,108.88,1.1007,6.14,1994.29
2014-09-23,108.82,1.1059,6.1368,1982.77
2014-09-24,108.92,1.1088,6.1346,1998.3
2014-09-25,108.7,1.1105,6.1355,1965.99
2014-09-26,109.32,1.1162,6.1266,1982.85
2014-09-29,109.34,1.1142,6.1495,1977.8
2014-09-30,109.66,1.1207,6.138,1972.29
2014-10-01,109.3,1.1171,6.138,1946.16
2014-10-02,108.1,1.115,6.138,1946.17
2014-10-03,109.7,1.1254,6.1385,1967.9
2014-10-06,109.08,1.1174,6.1385,1964.82
2014-10-07,108.3,1.1182,6.1385,1935.1
2014-10-08,108.41,1.1181,6.1385,1968.89
2014-10-09,108.0,1.115,6.1299,1928.21
2014-10-10,107.83,1.1173,6.1308,1906.13
2014-10-13,,,,1874.74
2014-10-14,107.15,1.1235,6.125,1877.7
2014-10-15,106.06,1.1291,6.1249,1862.49
2014-10-16,105.98,1.1265,6.123,1862.76
2014-10-17,106.72,1.1247,6.1238,1886.76
2014-10-20,106.87,1.1276,6.1233,1904.01
2014-10-21,106.7,1.1219,6.1205,1941.28
2014-10-22,107.32,1.1218,6.118,1927.11
2014-10-23,108.16,1.1236,6.119,1950.82
2014-10-24,108.06,1.1211,6.1168,1964.58
2014-10-27,107.71,1.1247,6.116,1961.63
2014-10-28,108.0,1.1176,6.113,1985.05
2014-10-29,108.1,1.1135,6.1107,1982.3
2014-10-30,108.94,1.1191,6.114,1994.65
2014-10-31,112.09,1.1272,6.1124,2018.05
2014-11-03,113.92,1.1319,6.1178,2017.81
2014-11-04,113.44,1.1396,6.115,2012.1
2014-11-05,114.62,1.1377,6.1135,2023.57
2014-11-06,114.87,1.1423,6.1117,2031.21
2014-11-07,114.73,1.136,6.1225,2031.92
2014-11-10,114.78,1.1344,6.119,2038.26
2014-11-11,,,,2039.68
2014-11-12,115.42,1.1284,6.1257,2038.25
2014-11-13,115.63,1.1349,6.1243,2039.33
2014-11-14,116.52,1.1294,6.129,2039.82
2014-11-17,116.44,1.1308,6.1242,2041.32
2014-11-18,116.76,1.1305,6.1208,2051.8
2014-11-19,117.7,1.1349,6.119,2048.72
2014-11-20,118.14,1.1311,6.123,2052.75
2014-11-21,117.74,1.1237,6.1244,2063.5
2014-11-24,118.39,1.1279,6.1412,2069.41
2014-11-25,117.99,1.126,6.1355,2067.03
2014-11-26,117.6,1.1236,6.1386,2072.83
2014-11-27,,,,
2014-11-28,118.7,1.1426,6.1429,2067.56
2014-12-01,118.14,1.1343,6.1515,2053.44
2014-12-02,119.1,1.1397,6.149,2066.55
2014-12-03,119.82,1.1359,6.1499,2074.33
2014-12-04,119.67,1.1374,6.1541,2071.92
2014-12-05,121.38,1.1423,6.1497,2075.37
2014-12-08,120.89,1.1473,6.1725,2060.31
2014-12-09,118.87,1.1422,6.1855,2059.82
2014-12-10,118.5,1.1479,6.1763,2026.14
2014-12-11,119.4,1.1534,6.1881,2035.33
2014-12-12,118.22,1.1538,6.1864,2002.33
2014-12-15,117.75,1.1629,6.19,1989.63
2014-12-16,117.28,1.1624,6.189,1972.74
2014-12-17,117.64,1.1629,6.1957,2012.89
2014-12-18,118.84,1.1594,6.2139,2061.23
2014-12-19,119.56,1.1626,6.2196,2070.65
2014-12-22,119.84,1.1644,6.2213,2078.54
2014-12-23,120.68,1.1626,6.2256,2082.17
2014-12-24,120.45,1.1621,6.2148,2081.88
2014-12-25,,,,
2014-12-26,,,,2088.77
2014-12-29,120.57,1.1631,6.2222,2090.57
2014-12-30,119.34,1.1597,6.2015,2080.35
2014-12-31,119.85,1.1601,6.2046,2058.9
2015-01-01,,,,
2015-01-02,120.2,1.1725,6.2046,2058.2
2015-01-05,119.64,1.1785,6.2201,2020.58
2015-01-06,118.26,1.1802,6.2125,2002.61
2015-01-07,119.52,1.1851,6.2127,2025.9
2015-01-08,119.51,1.1812,6.2143,2062.14
2015-01-09,118.66,1.1857,6.2085,2044.81
2015-01-12,118.32,1.1929,6.2027,2028.26
2015-01-13,118.16,1.1947,6.197,2023.03
2015-01-14,116.78,1.1957,6.1957,2011.27
2015-01-15,116.95,1.1932,6.187,1992.67
2015-01-16,117.45,1.1986,6.2065,2019.42
2015-01-19,,,,
2015-01-20,118.48,1.2085,6.2137,2022.55
2015-01-21,117.86,1.2377,6.2112,2032.12
2015-01-22,117.92,1.237,6.2085,2063.15
2015-01-23,117.8,1.24,6.2279,2051.82
2015-01-26,118.38,1.2409,6.2535,2057.09
2015-01-27,117.62,1.2402,6.243,2029.55
2015-01-28,117.74,1.2452,6.2475,2002.16
2015-01-29,118.31,1.2644,6.2463,2021.25
2015-01-30,117.44,1.2716,6.2495,1994.99
2015-02-02,117.33,1.2577,6.2594,2020.85
2015-02-03,117.48,1.2452,6.2573,2050.03
2015-02-04,117.58,1.255,6.2472,2041.51
2015-02-05,117.4,1.2419,6.2516,2062.52
2015-02-06,119.16,1.2524,6.2417,2055.47
2015-02-09,118.7,1.2448,6.2467,2046.74
2015-02-10,119.32,1.2528,6.2405,2068.59
2015-02-11,120.38,1.2635,6.2422,2068.53
2015-02-12,118.72,1.2464,6.244,2088.48
2015-02-13,118.7,1.2449,6.2399,2096.99
2015-02-16,,,,
2015-02-17,118.99,1.2401,6.2546,2100.34
2015-02-18,119.19,1.2456,6.2546,2099.68
2015-02-19,118.84,1.2484,6.2546,2097.45
2015-02-20,118.68,1.2503,6.2546,2110.3
2015-02-23,118.88,1.2577,6.2546,2109.66
2015-02-24,119.13,1.2601,6.2546,2115.48
2015-02-25,118.88,1.2418,6.2591,2113.86
2015-02-26,119.36,1.249,6.2584,2110.74
2015-02-27,119.72,1.2506,6.2695,2104.5
2015-03-02,120.06,1.2535,6.272,2117.39
2015-03-03,119.47,1.245,6.2741,2107.78
2015-03-04,119.76,1.2439,6.2701,2098.53
2015-03-05,120.22,1.2482,6.2658,2101.04
2015-03-06,120.93,1.2615,6.262,2071.26
2015-03-09,121.17,1.2598,6.2635,2079.43
2015-03-10,121.2,1.2633,6.2615,2044.16
2015-03-11,121.5,1.2763,6.2613,2040.24
2015-03-12,121.28,1.2692,6.2614,2065.95
2015-03-13,121.17,1.2803,6.2585,2053.4
2015-03-16,121.3,1.2763,6.262,2081.19
2015-03-17,121.28,1.2769,6.249,2074.28
2015-03-18,120.92,1.2771,6.2289,2099.5
2015-03-19,120.9,1.2743,6.1955,2089.27
2015-03-20,120.28,1.2593,6.2037,2108.1
2015-03-23,119.74,1.2515,6.2135,2104.42
2015-03-24,119.9,1.251,6.2046,2091.5
2015-03-25,119.37,1.2513,6.2116,2061.05
2015-03-26,119.01,1.2469,6.2103,2056.15
2015-03-27,119.15,1.2579,6.2145,2061.02
2015-03-30,120.11,1.2687,6.2065,2086.24
2015-03-31,119.96,1.2681,6.199,2067.89
2015-04-01,119.62,1.261,6.1976,2059.69
2015-04-02,119.74,1.2584,6.1968,2066.96
2015-04-03,118.96,1.2465,6.193,
2015-04-06,119.05,1.245,6.193,2080.62
2015-04-07,120.36,1.2488,6.1955,2076.33
2015-04-08,119.96,1.2508,6.202,2081.9
2015-04-09,120.32,1.258,6.205,2091.18
2015-04-10,120.29,1.2596,6.2082,2102.06
2015-04-13,120.32,1.2603,6.2152,2092.43
2015-04-14,119.26,1.2476,6.2113,2095.84
2015-04-15,119.23,1.2378,6.2037,2106.63
2015-04-16,119.18,1.2206,6.1947,2104.99
2015-04-17,119.02,1.2225,6.1976,2081.18
2015-04-20,119.27,1.2203,6.2014,2100.4
2015-04-21,119.45,1.2274,6.201,2097.29
2015-04-22,119.9,1.225,6.1927,2107.96
2015-04-23,119.69,1.2148,6.1975,2112.93
2015-04-24,118.98,1.2168,6.193,2117.69
2015-04-27,119.12,1.2106,6.2185,2108.92
2015-04-28,118.8,1.2021,6.2035,2114.76
2015-04-29,118.83,1.1955,6.1989,2106.85
2015-04-30,119.86,1.2116,6.2018,2085.51
2015-05-01,120.21,1.2191,6.2018,2108.29
2015-05-04,120.25,1.2108,6.2085,2114.49
2015-05-05,119.87,1.2038,6.2058,2089.46
2015-05-06,119.42,1.2007,6.2001,2080.15
2015-05-07,119.74,1.2139,6.2063,2088.0
2015-05-08,119.78,1.2086,6.2084,2116.1
2015-05-11,120.05,1.2107,6.2086,2105.33
2015-05-12,119.8,1.1987,6.2086,2099.12
2015-05-13,119.09,1.195,6.2043,2098.48
2015-05-14,119.2,1.1991,6.2013,2121.1
2015-05-15,119.36,1.2009,6.2051,2122.73
2015-05-18,119.82,1.215,6.2041,2129.2
2015-05-19,120.58,1.2213,6.2064,2127.83
2015-05-20,121.28,1.2212,6.2036,2125.85
2015-05-21,121.06,1.2201,6.1958,2130.82
2015-05-22,121.45,1.2288,6.1972,2126.06
2015-05-25,,,,
2015-05-26,123.08,1.2428,6.2038,2104.2
2015-05-27,123.76,1.2483,6.2011,2123.48
2015-05-28,124.18,1.2474,6.2002,2120.79
2015-05-29,123.98,1.2466,6.198,2107.39
2015-06-01,124.64,1.2547,6.1985,2111.73
2015-06-02,124.19,1.2425,6.198,2109.6
2015-06-03,124.06,1.2437,6.1976,2114.07
2015-06-04,124.56,1.2477,6.2006,2095.84
2015-06-05,125.58,1.2488,6.2024,2092.83
2015-06-08,125.08,1.2435,6.2053,2079.28
2015-06-09,124.16,1.2316,6.2047,2080.15
2015-06-10,122.72,1.2267,6.2055,2105.2
2015-06-11,123.62,1.2314,6.2065,2108.86
2015-06-12,123.23,1.2306,6.2081,2094.11
2015-06-15,123.38,1.2321,6.208,2084.43
2015-06-16,123.39,1.2328,6.2085,2096.29
2015-06-17,124.25,1.2307,6.2086,2100.44
2015-06-18,122.87,1.2206,6.2075,2121.24
2015-06-19,122.7,1.2273,6.2085,2109.99
2015-06-22,123.28,1.2286,6.2085,2122.85
2015-06-23,123.71,1.2326,6.2066,2124.2
2015-06-24,124.24,1.2413,6.2061,2108.58
2015-06-25,123.63,1.2346,6.2084,2102.31
2015-06-26,123.92,1.2358,6.208,2101.49
2015-06-29,122.5,1.238,6.2085,2057.64
2015-06-30,122.1,1.2473,6.2,2063.11
2015-07-01,123.02,1.2559,6.2008,2077.42
2015-07-02,123.14,1.2566,6.2044,2076.78
2015-07-03,,,,
2015-07-06,122.53,1.2623,6.2089,2068.76
2015-07-07,122.16,1.2742,6.2097,2081.34
2015-07-08,120.54,1.2724,6.2087,2046.68
2015-07-09,121.22,1.2727,6.2086,2051.31
2015-07-10,122.75,1.2713,6.2092,2076.62
2015-07-13,123.35,1.2762,6.2081,2099.6
2015-07-14,123.39,1.2746,6.2088,2108.95
2015-07-15,123.89,1.2935,6.2082,2107.4
2015-07-16,124.04,1.2938,6.2094,2124.29
2015-07-17,124.0,1.2997,6.2085,2126.64
2015-07-20,124.24,1.2982,6.2095,2128.28
2015-07-21,123.93,1.2958,6.2095,2119.21
2015-07-22,124.08,1.3023,6.2093,2114.15
2015-07-23,123.88,1.303,6.2091,2102.15
2015-07-24,123.74,1.3059,6.2095,2079.65
2015-07-27,123.24,1.3008,6.2091,2067.64
2015-07-28,123.52,1.2933,6.2084,2093.25
2015-07-29,123.86,1.2893,6.2089,2108.57
2015-07-30,124.38,1.3024,6.2096,2108.63
2015-07-31,123.94,1.3047,6.2097,2103.84
2015-08-03,123.98,1.3141,6.2087,2098.04
2015-08-04,124.0,1.3124,6.2086,2093.32
2015-08-05,124.84,1.3181,6.2096,2099.84
2015-08-06,124.6,1.3152,6.2096,2083.56
2015-08-07,124.27,1.3122,6.2087,2077.57
2015-08-10,124.55,1.3056,6.2094,2104.18
2015-08-11,124.9,1.3149,6.3232,2084.07
2015-08-12,123.87,1.2973,6.3845,2086.05
2015-08-13,124.32,1.3078,6.3982,2083.39
2015-08-14,124.27,1.3075,6.3908,2091.54
2015-08-17,124.33,1.309,6.3937,2102.44
2015-08-18,124.39,1.3075,6.3928,2096.92
2015-08-19,124.1,1.3165,6.3956,2079.61
2015-08-20,123.54,1.3075,6.3875,2035.73
2015-08-21,122.11,1.3146,6.3887,1970.89
2015-08-24,118.56,1.321,6.4029,1893.21
2015-08-25,119.91,1.3295,6.4122,1867.61
2015-08-26,119.07,1.3301,6.4083,1940.51
2015-08-27,120.89,1.3193,6.4053,1987.66
2015-08-28,121.32,1.3268,6.389,1988.87
2015-08-31,121.26,1.3223,6.376,1972.18
2015-09-01,119.94,1.318,6.363,1913.85
2015-09-02,120.0,1.3308,6.3544,1948.86
2015-09-03,120.2,1.32,6.3549,1951.13
2015-09-04,119.05,1.3272,6.3549,1921.22
2015-09-07,,,,
2015-09-08,119.72,1.3193,6.3657,1969.41
2015-09-09,120.94,1.3221,6.3768,1942.04
2015-09-10,120.71,1.3218,6.377,1952.29
2015-09-11,120.66,1.3274,6.3735,1961.05
2015-09-14,119.92,1.3265,6.3664,1953.03
2015-09-15,120.3,1.3261,6.3685,1978.09
2015-09-16,120.62,1.318,6.3694,1995.31
2015-09-17,120.9,1.3186,6.3645,1990.2
2015-09-18,119.85,1.3146,6.3628,1958.03
2015-09-21,120.46,1.3249,6.3676,1966.97
2015-09-22,120.04,1.3276,6.375,1942.74
2015-09-23,120.12,1.3313,6.3836,1938.76
2015-09-24,119.54,1.3348,6.3818,1932.24
2015-09-25,120.74,1.3322,6.3737,1931.34
2015-09-28,119.82,1.336,6.3685,1881.77
2015-09-29,119.76,1.3414,6.3621,1884.09
2015-09-30,119.81,1.3396,6.3556,1920.03
2015-10-01,119.58,1.324,6.3559,1923.82
2015-10-02,119.42,1.3213,6.3559,1951.36
2015-10-05,120.36,1.3084,6.3559,1987.05
2015-10-06,120.18,1.3056,6.3559,1979.92
2015-10-07,119.9,1.3038,6.3559,1995.83
2015-10-08,119.94,1.3017,6.3529,2013.43
2015-10-09,120.3,1.2945,6.345,2014.89
2015-10-12,,,,2017.46
2015-10-13,119.8,1.2984,6.3417,2003.69
2015-10-14,119.21,1.2983,6.3462,1994.24
2015-10-15,118.26,1.2901,6.3459,2023.86
2015-10-16,119.6,1.2932,6.3523,2033.11
2015-10-19,119.5,1.2999,6.3591,2033.66
2015-10-20,119.79,1.2974,6.348,2030.77
2015-10-21,119.91,1.3117,6.3487,2018.94
2015-10-22,120.5,1.3087,6.3577,2052.51
2015-10-23,121.2,1.3171,6.3488,2075.15
2015-10-26,120.87,1.3134,6.3517,2071.18
2015-10-27,120.29,1.3242,6.3517,2065.89
2015-10-28,120.56,1.3149,6.3581,2090.35
2015-10-29,121.14,1.3169,6.3552,2089.41
2015-10-30,120.7,1.3082,6.318,2079.36
2015-11-02,120.7,1.3093,6.318,2104.05
2015-11-03,121.2,1.3107,6.318,2109.79
2015-11-04,121.52,1.3164,6.3357,2102.31
2015-11-05,121.71,1.3162,6.318,2099.93
2015-11-06,123.2,1.3307,6.318,2099.2
2015-11-09,123.04,1.3274,6.3619,2078.58
2015-11-10,123.22,1.3258,6.3603,2081.72
2015-11-11,,,,2075.0
2015-11-12,122.84,1.3309,6.369,2045.97
2015-11-13,122.93,1.3332,6.3735,2023.04
2015-11-16,123.11,1.3352,6.37,2053.19
2015-11-17,123.48,1.3324,6.3771,2050.44
2015-11-18,123.51,1.3351,6.3834,2083.58
2015-11-19,122.71,1.3266,6.3825,2081.24
2015-11-20,122.8,1.3337,6.3835,2089.17
2015-11-23,123.02,1.3358,6.389,2086.59
2015-11-24,122.47,1.3308,6.3883,2089.14
2015-11-25,122.7,1.3298,6.3877,2088.87
2015-11-26,,,,
2015-11-27,122.84,1.336,6.3945,2090.11
2015-11-30,123.22,1.3332,6.3883,2080.41
2015-12-01,122.88,1.3372,6.3883,2102.63
2015-12-02,123.52,1.3357,6.3883,2079.51
2015-12-03,123.06,1.3393,6.3883,2049.62
2015-12-04,123.1,1.3364,6.3883,2091.69
2015-12-07,123.31,1.3508,6.4081,2077.07
2015-12-08,123.0,1.3594,6.4162,2063.59
2015-12-09,121.86,1.3595,6.427,2047.62
2015-12-10,121.44,1.3598,6.4363,2052.23
2015-12-11,120.94,1.3695,6.4538,2012.37
2015-12-14,120.57,1.3732,6.4588,2021.94
2015-12-15,121.66,1.3729,6.46,2043.41
2015-12-16,121.88,1.3805,6.4723,2073.07
2015-12-17,122.75,1.397,6.4822,2041.89
2015-12-18,121.2,1.3876,6.48,2005.55
2015-12-21,120.99,1.3989,6.4793,2021.15
2015-12-22,120.94,1.3929,6.4778,2038.97
2015-12-23,120.94,1.386,6.4763,2064.29
2015-12-24,120.32,1.3847,6.4758,2060.99
2015-12-25,,,,
2015-12-28,120.3,1.3893,6.4778,2056.5
2015-12-29,120.44,1.3848,6.4778,2078.36
2015-12-30,120.6,1.3883,6.4896,2063.36
2015-12-31,120.27,1.3839,6.4778,2043.94
2016-01-01,,,,
2016-01-04,119.3,1.397,6.5338,2012.66
2016-01-05,118.95,1.3991,6.5219,2016.71
2016-01-06,118.54,1.4084,6.5554,1990.26
2016-01-07,118.0,1.4061,6.5926,1943.09
2016-01-08,117.74,1.415,6.5932,1922.03
2016-01-11,117.48,1.4203,6.5675,1923.67
2016-01-12,117.78,1.4293,6.57,1938.68
2016-01-13,118.06,1.4294,6.57,1890.28
2016-01-14,118.03,1.4374,6.5891,1921.84
2016-01-15,116.78,1.4531,6.584,1880.33
2016-01-18,,,,
2016-01-19,117.66,1.4513,6.5783,1881.33
2016-01-20,116.38,1.4592,6.5781,1859.33
2016-01-21,117.61,1.4244,6.5794,1868.99
2016-01-22,118.37,1.4153,6.5788,1906.9
2016-01-25,118.55,1.4248,6.579,1877.08
2016-01-26,118.5,1.4062,6.5814,1903.63
2016-01-27,118.9,1.404,6.5773,1882.95
2016-01-28,118.61,1.4077,6.5744,1893.36
2016-01-29,121.05,1.4074,6.5752,1940.24
2016-02-01,121.06,1.4005,6.5778,1939.38
2016-02-02,120.27,1.4039,6.5795,1903.03
2016-02-03,117.92,1.3843,6.5765,1912.53
2016-02-04,116.75,1.3724,6.5638,1915.45
2016-02-05,116.99,1.3875,6.571,1880.05
2016-02-08,115.7,1.3921,6.571,1853.44
2016-02-09,114.8,1.386,6.571,1852.21
2016-02-10,114.03,1.3969,6.571,1851.86
2016-02-11,111.72,1.3933,6.571,1829.08
2016-02-12,112.96,1.3834,6.571,1864.78
2016-02-15,,,,
2016-02-16,113.9,1.3857,6.5154,1895.58
2016-02-17,114.14,1.3682,6.527,1926.82
2016-02-18,113.62,1.3718,6.5163,1917.83
2016-02-19,112.42,1.3798,6.5202,1917.78
2016-02-22,113.12,1.3684,6.5197,1945.5
2016-02-23,112.17,1.3791,6.5263,1921.27
2016-02-24,111.36,1.3765,6.529,1929.8
2016-02-25,112.7,1.3572,6.532,1951.7
2016-02-26,113.78,1.3546,6.539,1948.05
2016-02-29,112.9,1.3522,6.5525,1932.23
2016-03-01,113.94,1.3404,6.55,1978.35
2016-03-02,113.81,1.3466,6.5499,1986.45
2016-03-03,113.53,1.3405,6.5312,1993.4
2016-03-04,113.91,1.3337,6.5064,1999.99
2016-03-07,113.6,1.33,6.5155,2001.76
2016-03-08,112.58,1.3388,6.5044,1979.26
2016-03-09,113.06,1.3233,6.5105,1989.26
2016-03-10,113.1,1.3372,6.507,1989.57
2016-03-11,113.66,1.3211,6.494,2022.19
2016-03-14,113.59,1.3291,6.4984,2019.64
2016-03-15,112.88,1.3355,6.511,2015.93
2016-03-16,113.69,1.3364,6.5189,2027.22
2016-03-17,111.3,1.2982,6.4745,2040.59
2016-03-18,111.38,1.298,6.4682,2049.58
2016-03-21,111.62,1.3067,6.4812,2051.6
2016-03-22,111.82,1.3051,6.4876,2049.8
2016-03-23,112.63,1.3199,6.5035,2036.71
2016-03-24,112.64,1.327,6.5124,2035.94
2016-03-25,113.05,1.3264,6.5131,
2016-03-28,113.29,1.3184,6.5051,2037.05
2016-03-29,113.33,1.3153,6.5063,2055.01
2016-03-30,112.6,1.2962,6.4648,2063.95
2016-03-31,112.42,1.2969,6.448,2059.74
2016-04-01,112.06,1.3047,6.4776,2072.78
2016-04-04,111.18,1.3037,6.4776,2066.13
2016-04-05,110.26,1.3175,6.476,2045.17
2016-04-06,109.63,1.3073,6.478,2066.66
2016-04-07,107.98,1.3163,6.4599,2041.91
2016-04-08,108.36,1.2994,6.4628,2047.6
2016-04-11,107.96,1.2912,6.458,2041.99
2016-04-12,108.54,1.28,6.4639,2061.72
2016-04-13,109.21,1.2789,6.4768,2082.42
2016-04-14,109.2,1.2835,6.481,2082.78
2016-04-15,108.76,1.2857,6.473,2080.73
2016-04-18,108.85,1.2815,6.4717,2094.34
2016-04-19,109.16,1.2654,6.4571,2100.8
2016-04-20,109.51,1.2623,6.4675,2102.4
2016-04-21,109.41,1.2713,6.481,2091.48
2016-04-22,111.5,1.2672,6.5004,2091.58
2016-04-25,111.08,1.2678,6.49,2087.79
2016-04-26,111.23,1.2614,6.4905,2091.7
2016-04-27,111.26,1.2637,6.494,2095.15
2016-04-28,108.55,1.2544,6.4735,2075.81
2016-04-29,106.9,1.2549,6.4738,2065.3
2016-05-02,106.48,1.2544,6.4738,2081.43
2016-05-03,106.34,1.2686,6.49,2063.37
2016-05-04,107.12,1.2882,6.4945,2051.12
2016-05-05,107.32,1.2855,6.5032,2050.63
2016-05-06,106.66,1.292,6.497,2057.14
2016-05-09,108.39,1.2994,6.514,2058.69
2016-05-10,109.22,1.2957,6.515,2084.39
2016-05-11,108.48,1.2834,6.491,2064.46
2016-05-12,108.73,1.2857,6.514,2064.11
2016-05-13,109.14,1.2939,6.5285,2046.61
2016-05-16,108.89,1.2886,6.5184,2066.66
2016-05-17,109.02,1.2884,6.517,2047.21
2016-05-18,109.65,1.2924,6.537,2047.63
2016-05-19,109.81,1.3114,6.544,2040.04
2016-05-20,110.52,1.3136,6.5485,2052.32
2016-05-23,109.47,1.3155,6.5533,2048.04
2016-05-24,110.0,1.3117,6.5552,2076.06
2016-05-25,110.22,1.3089,6.5538,2090.54
2016-05-26,109.74,1.298,6.554,2090.1
2016-05-27,109.86,1.3001,6.5615,2099.06
2016-05-30,,,,
2016-05-31,110.75,1.3097,6.5798,2096.96
2016-06-01,109.55,1.3089,6.5748,2099.33
2016-06-02,108.75,1.308,6.5815,2105.26
2016-06-03,106.88,1.2947,6.5638,2099.13
2016-06-06,107.33,1.2856,6.5611,2109.41
2016-06-07,107.3,1.2788,6.571,2112.13
2016-06-08,106.68,1.2694,6.56,2119.12
2016-06-09,106.54,1.2728,6.559,2115.48
2016-06-10,107.06,1.2734,6.559,2096.07
2016-06-13,106.07,1.2791,6.5823,2079.06
2016-06-14,106.02,1.2833,6.593,2075.32
2016-06-15,105.87,1.2912,6.5785,2071.5
2016-06-16,104.05,1.3039,6.5899,2077.99
2016-06-17,104.2,1.2875,6.5849,2071.22
2016-06-20,104.32,1.2807,6.5768,2083.25
2016-06-21,104.56,1.2817,6.5893,2088.9
2016-06-22,104.56,1.282,6.575,2085.45
2016-06-23,105.9,1.2749,6.574,2113.32
2016-06-24,102.26,1.2948,6.615,2037.41
2016-06-27,101.66,1.3076,6.6481,2000.54
2016-06-28,102.71,1.3086,6.645,2036.09
2016-06-29,102.68,1.299,6.635,2070.77
2016-06-30,102.77,1.301,6.6459,2098.86
2016-07-01,102.55,1.2897,6.6547,2102.95
2016-07-04,,,,
2016-07-05,101.58,1.295,6.677,2088.55
2016-07-06,101.12,1.3003,6.69,2099.73
2016-07-07,100.74,1.2984,6.679,2097.9
2016-07-08,100.65,1.3072,6.6878,2129.9
2016-07-11,102.66,1.3125,6.6917,2137.16
2016-07-12,104.72,1.3016,6.686,2152.14
2016-07-13,104.1,1.2962,6.6832,2152.43
2016-07-14,105.4,1.2916,6.6801,2163.75
2016-07-15,105.64,1.2978,6.6865,2161.74
2016-07-18,106.0,1.2984,6.7013,2166.89
2016-07-19,106.13,1.3027,6.6931,2163.78
2016-07-20,106.65,1.3037,6.676,2173.02
2016-07-21,105.98,1.3056,6.6735,2165.17
2016-07-22,106.22,1.3178,6.676,2175.03
2016-07-25,106.02,1.3224,6.6783,2168.48
2016-07-26,104.83,1.3207,6.669,2169.18
2016-07-27,105.65,1.3221,6.668,2166.58
2016-07-28,104.86,1.317,6.6538,2170.06
2016-07-29,102.32,1.304,6.6371,2173.6
2016-08-01,102.26,1.3096,6.6421,2170.84
2016-08-02,100.82,1.3087,6.6239,2157.03
2016-08-03,101.34,1.3078,6.632,2163.79
2016-08-04,101.08,1.3025,6.6388,2164.25
2016-08-05,101.74,1.3179,6.653,2182.87
2016-08-08,102.53,1.3162,6.6597,2180.89
2016-08-09,101.96,1.3116,6.653,2181.74
2016-08-10,101.27,1.3059,6.6345,2175.49
2016-08-11,101.46,1.3004,6.6274,2185.79
2016-08-12,101.01,1.2943,6.6324,2184.05
2016-08-15,101.02,1.2922,6.637,2190.15
2016-08-16,100.28,1.2861,6.624,2178.15
2016-08-17,100.24,1.2885,6.6328,2182.22
2016-08-18,100.07,1.2777,6.6297,2187.02
2016-08-19,100.24,1.2878,6.6515,2183.87
2016-08-22,100.25,1.2942,6.6475,2182.64
2016-08-23,100.2,1.2904,6.6378,2186.9
2016-08-24,100.5,1.2939,6.6562,2175.44
2016-08-25,100.58,1.2934,6.656,2172.47
2016-08-26,101.2,1.2944,6.669,2169.04
2016-08-29,102.13,1.3018,6.6775,2180.38
2016-08-30,102.92,1.3075,6.6778,2176.12
2016-08-31,103.38,1.3122,6.6776,2170.95
2016-09-01,103.22,1.3107,6.6713,2170.86
2016-09-02,104.18,1.2998,6.679,2179.98
2016-09-05,,,,
2016-09-06,102.28,1.2843,6.6722,2186.48
2016-09-07,101.72,1.2895,6.66,2186.16
2016-09-08,102.28,1.291,6.664,2181.3
2016-09-09,102.86,1.3034,6.6778,2127.81
2016-09-12,101.96,1.3076,6.6788,2159.04
2016-09-13,102.14,1.3167,6.6782,2127.02
2016-09-14,102.33,1.3187,6.6707,2125.77
2016-09-15,102.24,1.3145,6.6707,2147.26
2016-09-16,102.36,1.3212,6.6707,2139.16
2016-09-19,101.82,1.318,6.665,2139.12
2016-09-20,101.66,1.3228,6.67,2139.76
2016-09-21,100.62,1.3186,6.6695,2163.12
2016-09-22,100.8,1.3036,6.663,2177.18
2016-09-23,101.04,1.3163,6.669,2164.69
2016-09-26,100.34,1.3196,6.6683,2146.1
2016-09-27,100.36,1.3247,6.6691,2159.93
2016-09-28,100.57,1.3237,6.673,2171.37
2016-09-29,101.48,1.3101,6.665,2151.13
2016-09-30,101.21,1.3115,6.6685,2168.27
2016-10-03,101.54,1.3138,6.6685,2161.2
2016-10-04,102.66,1.3171,6.6685,2150.49
2016-10-05,103.53,1.3177,6.6685,2159.73
2016-10-06,104.02,1.3209,6.6685,2160.77
2016-10-07,103.42,1.3306,6.6685,2153.74
2016-10-10,,,,2163.66
2016-10-11,103.36,1.3235,6.719,2136.73
2016-10-12,104.48,1.3277,6.718,2139.18
2016-10-13,103.62,1.3219,6.7248,2132.55
2016-10-14,104.1,1.3169,6.7277,2132.98
2016-10-17,103.96,1.3135,6.735,2126.5
2016-10-18,103.8,1.3105,6.7401,2139.6
2016-10-19,103.3,1.3105,6.737,2144.29
2016-10-20,103.92,1.3197,6.7439,2141.34
2016-10-21,103.96,1.3324,6.7654,2141.16
2016-10-24,104.2,1.3387,6.7728,2151.33
2016-10-25,104.25,1.3333,6.778,2143.16
2016-10-26,104.42,1.3361,6.7706,2139.43
2016-10-27,105.14,1.3385,6.7819,2133.04
2016-10-28,105.4,1.3383,6.776,2126.41
2016-10-31,105.07,1.3403,6.7735,2126.15
2016-11-01,104.59,1.3377,6.763,2111.72
2016-11-02,103.22,1.3387,6.7606,2097.94
2016-11-03,103.17,1.3384,6.7612,2088.66
2016-11-04,103.02,1.3413,6.7534,2085.18
2016-11-07,104.6,1.338,6.774,2131.52
2016-11-08,104.98,1.3335,6.784,2139.56
2016-11-09,104.84,1.3406,6.7769,2163.26
2016-11-10,106.56,1.3474,6.7987,2167.48
2016-11-11,,,,2164.45
2016-11-14,108.3,1.3581,6.8447,2164.2
2016-11-15,108.94,1.3468,6.8556,2180.39
2016-11-16,109.16,1.3415,6.877,2176.94
2016-11-17,109.64,1.3429,6.8674,2187.12
2016-11-18,110.51,1.3518,6.8873,2181.9
2016-11-21,111.12,1.3432,6.8918,2198.18
2016-11-22,110.98,1.3444,6.888,2202.94
2016-11-23,112.58,1.3467,6.9195,2204.72
2016-11-24,,,,
2016-11-25,113.17,1.3512,6.9176,2213.35
2016-11-28,112.36,1.3401,6.9055,2201.72
2016-11-29,112.78,1.3435,6.8933,2204.66
2016-11-30,114.34,1.3425,6.8837,2198.81
2016-12-01,114.34,1.333,6.883,2191.08
2016-12-02,113.76,1.3298,6.883,2191.95
2016-12-05,114.1,1.3271,6.8775,2204.71
2016-12-06,113.98,1.3279,6.879,2212.23
2016-12-07,113.5,1.3251,6.878,2241.35
2016-12-08,114.16,1.322,6.8771,2246.19
2016-12-09,115.17,1.3162,6.9042,2259.53
2016-12-12,115.34,1.3137,6.9045,2256.96
2016-12-13,115.26,1.3119,6.8984,2271.72
2016-12-14,115.06,1.3123,6.9025,2253.28
2016-12-15,118.32,1.3397,6.941,2262.03
2016-12-16,117.74,1.3339,6.958,2258.07
2016-12-19,116.6,1.3395,6.9506,2262.53
2016-12-20,117.86,1.3376,6.947,2270.76
2016-12-21,117.79,1.3401,6.939,2265.18
2016-12-22,117.48,1.347,6.9473,2260.96
2016-12-23,117.22,1.3533,6.9432,2263.79
2016-12-26,,,,
2016-12-27,117.52,1.3553,6.9491,2268.88
2016-12-28,117.66,1.3555,6.9559,2249.92
2016-12-29,116.32,1.3488,6.9535,2249.26
2016-12-30,116.78,1.3426,6.943,2238.83
2017-01-02,,,,
2017-01-03,117.68,1.3437,6.9575,2257.83
2017-01-04,117.38,1.3293,6.9322,2270.75
2017-01-05,115.46,1.3216,6.887,2269.0
2017-01-06,116.85,1.3216,6.9176,2276.98
2017-01-09,116.07,1.322,6.935,2268.9
2017-01-10,115.74,1.3208,6.918,2268.9
2017-01-11,116.26,1.3219,6.9365,2275.32
2017-01-12,113.87,1.313,6.889,2270.44
2017-01-13,115.03,1.3134,6.8985,2274.64
2017-01-16,,,,
2017-01-17,112.96,1.306,6.852,2267.89
2017-01-18,113.4,1.3175,6.836,2271.89
2017-01-19,115.3,1.3327,6.868,2263.69
2017-01-20,,,,2271.31
2017-01-23,112.9,1.3283,6.8514,2265.2
2017-01-24,113.63,1.3152,6.8555,2280.07
2017-01-25,113.6,1.3074,6.8812,2298.37
2017-01-26,114.7,1.3104,6.8768,2296.68
2017-01-27,115.16,1.3108,6.8768,2294.69
2017-01-30,113.86,1.3092,6.8768,2280.9
2017-01-31,112.72,1.303,6.8768,2278.87
2017-02-01,113.29,1.3088,6.8768,2279.55
2017-02-02,112.48,1.3018,6.8768,2280.85
2017-02-03,112.42,1.3003,6.865,2297.42
2017-02-06,112.32,1.3116,6.86,2292.56
2017-02-07,112.14,1.3166,6.8821,2293.08
2017-02-08,111.74,1.3156,6.87,2294.67
2017-02-09,113.24,1.3139,6.866,2307.87
2017-02-10,113.22,1.3073,6.8775,2316.1
2017-02-13,113.79,1.3072,6.8776,2328.25
2017-02-14,114.34,1.3092,6.8649,2337.58
2017-02-15,114.17,1.3082,6.8685,2349.25
2017-02-16,113.36,1.3056,6.8517,2347.22
2017-02-17,112.86,1.3114,6.864,2351.16
2017-02-20,,,,
2017-02-21,113.48,1.3149,6.881,2365.38
2017-02-22,113.46,1.3188,6.8765,2362.82
2017-02-23,112.68,1.3109,6.8622,2363.81
2017-02-24,112.26,1.3106,6.8645,2367.34
2017-02-27,112.01,1.31,6.8675,2369.75
2017-02-28,112.06,1.3247,6.8665,2363.64
2017-03-01,113.66,1.3345,6.8794,2395.96
2017-03-02,114.45,1.3384,6.8868,2381.92
2017-03-03,114.6,1.3419,6.8954,2383.12
2017-03-06,113.92,1.341,6.8955,2375.31
2017-03-07,113.99,1.3413,6.9,2368.39
2017-03-08,114.58,1.3479,6.9113,2362.98
2017-03-09,114.71,1.3504,6.9086,2364.87
2017-03-10,115.02,1.3468,6.905,2372.6
2017-03-13,114.61,1.3453,6.905,2373.47
2017-03-14,114.63,1.3462,6.913,2365.45
2017-03-15,114.66,1.3451,6.9132,2385.26
2017-03-16,113.02,1.3316,6.913,2381.38
2017-03-17,112.67,1.3366,6.9,2378.25
2017-03-20,112.59,1.3357,6.905,2373.47
2017-03-21,111.9,1.3321,6.883,2344.02
2017-03-22,111.06,1.3347,6.8785,2348.45
2017-03-23,111.12,1.3332,6.8843,2345.96
2017-03-24,111.03,1.3373,6.8803,2343.98
2017-03-27,110.48,1.3367,6.8687,2341.59
2017-03-28,110.56,1.3363,6.8779,2358.57
2017-03-29,111.05,1.3372,6.8879,2361.13
2017-03-30,111.36,1.3278,6.887,2368.06
2017-03-31,111.41,1.3321,6.8832,2362.72
2017-04-03,110.96,1.3388,6.8832,2358.84
2017-04-04,110.74,1.3413,6.8832,2360.16
2017-04-05,111.2,1.341,6.892,2352.95
2017-04-06,111.02,1.3409,6.8955,2357.49
2017-04-07,110.76,1.3396,6.8978,2355.54
2017-04-10,110.95,1.3347,6.8988,2357.16
2017-04-11,109.74,1.3333,6.8893,2353.78
2017-04-12,109.54,1.3302,6.889,2344.93
2017-04-13,109.23,1.3266,6.8865,2328.95
2017-04-14,108.63,1.3316,6.8835,
2017-04-17,108.46,1.3277,6.88,2349.01
2017-04-18,108.4,1.3381,6.8778,2342.19
2017-04-19,109.06,1.3467,6.886,2338.17
2017-04-20,109.34,1.3479,6.88,2355.84
2017-04-21,109.08,1.3502,6.8845,2348.69
2017-04-24,109.74,1.3517,6.884,2374.15
2017-04-25,110.88,1.3614,6.8824,2388.61
2017-04-26,111.52,1.3591,6.8918,2387.45
2017-04-27,111.13,1.3664,6.8958,2388.77
2017-04-28,111.44,1.3669,6.89,2384.2
2017-05-01,111.78,1.3653,6.89,2388.33
2017-05-02,112.06,1.3742,6.8949,2391.17
2017-05-03,112.34,1.3705,6.8968,2388.13
2017-05-04,112.7,1.3745,6.8959,2389.52
2017-05-05,112.63,1.3699,6.9021,2399.29
2017-05-08,112.84,1.3712,6.904,2399.38
2017-05-09,114.19,1.3715,6.906,2396.92
2017-05-10,114.02,1.3652,6.9011,2399.63
2017-05-11,113.77,1.3693,6.9033,2394.44
2017-05-12,113.3,1.3717,6.8972,2390.9
2017-05-15,113.54,1.3648,6.89,2402.32
2017-05-16,113.24,1.359,6.884,2400.67
2017-05-17,111.46,1.3594,6.8773,2357.03
2017-05-18,110.82,1.3604,6.888,2365.72
2017-05-19,111.47,1.3537,6.883,2381.73
2017-05-22,111.15,1.3503,6.8828,2394.02
2017-05-23,111.64,1.3492,6.888,2398.42
2017-05-24,112.02,1.3454,6.8883,2404.39
2017-05-25,111.7,1.3457,6.8672,2415.07
2017-05-26,111.3,1.3454,6.8525,2415.82
2017-05-29,,,,
2017-05-30,110.68,1.3462,6.8525,2412.91
2017-05-31,110.71,1.3498,6.8098,2411.8
2017-06-01,111.24,1.3484,6.8029,2430.06
2017-06-02,110.49,1.35,6.8085,2439.07
2017-06-05,110.49,1.3484,6.803,2436.1
2017-06-06,109.34,1.3451,6.7945,2429.33
2017-06-07,109.54,1.3514,6.7935,2433.14
2017-06-08,110.1,1.3494,6.799,2433.79
2017-06-09,110.61,1.3434,6.797,2431.77
2017-06-12,109.72,1.3447,6.7974,2429.39
2017-06-13,110.12,1.3226,6.7981,2440.35
2017-06-14,109.16,1.3201,6.7888,2437.92
2017-06-15,110.66,1.3286,6.8061,2432.46
2017-06-16,110.84,1.3235,6.8097,2433.15
2017-06-19,111.34,1.3202,6.818,2453.46
2017-06-20,111.46,1.3268,6.8285,2437.03
2017-06-21,111.58,1.3323,6.8275,2435.61
2017-06-22,111.36,1.3236,6.8275,2434.5
2017-06-23,111.26,1.3263,6.8345,2438.3
2017-06-26,111.48,1.3228,6.8382,2439.07
2017-06-27,112.42,1.3176,6.81,2419.38
2017-06-28,112.18,1.3043,6.7984,2440.69
2017-06-29,112.32,1.301,6.784,2419.7
2017-06-30,112.4,1.2982,6.7793,2423.41
2017-07-03,113.32,1.3,6.7984,2429.01
2017-07-04,,,,
2017-07-05,113.2,1.2998,6.7995,2432.54
2017-07-06,113.28,1.2933,6.799,2409.75
2017-07-07,114.1,1.287,6.8039,2425.18
2017-07-10,114.08,1.2883,6.8026,2427.43
2017-07-11,114.2,1.2921,6.801,2425.53
2017-07-12,113.19,1.2768,6.7865,2443.25
2017-07-13,113.39,1.2739,6.7825,2447.83
2017-07-14,112.66,1.2655,6.7741,2459.27
2017-07-17,112.76,1.2673,6.769,2459.14
2017-07-18,111.89,1.2663,6.7451,2460.61
2017-07-19,111.77,1.2586,6.7511,2473.83
2017-07-20,111.68,1.2582,6.757,2473.45
2017-07-21,111.18,1.2545,6.7663,2472.54
2017-07-24,111.1,1.2519,6.7488,2469.91
2017-07-25,111.57,1.2512,6.7495,2477.13
2017-07-26,112.1,1.2506,6.753,2477.83
2017-07-27,111.62,1.2529,6.741,2475.42
2017-07-28,110.87,1.2436,6.7362,2472.1
2017-07-31,110.38,1.249,6.724,2470.3
2017-08-01,110.33,1.254,6.717,2476.35
2017-08-02,110.43,1.2544,6.72,2477.57
2017-08-03,110.12,1.2563,6.715,2472.16
2017-08-04,110.76,1.2639,6.7272,2476.83
2017-08-07,110.76,1.2684,6.7207,2480.91
2017-08-08,110.74,1.2658,6.7049,2474.92
2017-08-09,110.04,1.2711,6.672,2474.02
2017-08-10,109.37,1.2705,6.646,2438.21
2017-08-11,109.06,1.2689,6.6612,2441.32
2017-08-14,109.48,1.2698,6.6695,2465.84
2017-08-15,110.42,1.2745,6.6845,2464.61
2017-08-16,110.8,1.2708,6.69,2468.11
2017-08-17,109.88,1.265,6.673,2430.01
2017-08-18,109.32,1.2585,6.67,2425.55
2017-08-21,108.89,1.2587,6.663,2428.37
2017-08-22,109.4,1.2559,6.66,2452.51
2017-08-23,109.14,1.2558,6.6569,2444.04
2017-08-24,109.34,1.2528,6.66,2438.97
2017-08-25,109.24,1.2494,6.6465,2443.05
2017-08-28,109.22,1.2492,6.6084,2444.24
2017-08-29,109.02,1.2517,6.5945,2446.3
2017-08-30,110.2,1.2608,6.5918,2457.59
2017-08-31,110.06,1.2515,6.5888,2471.65
2017-09-01,110.09,1.2372,6.5552,2476.55
2017-09-04,,,,
2017-09-05,108.94,1.2355,6.5345,2457.85
2017-09-06,108.75,1.221,6.5221,2465.54
2017-09-07,108.26,1.2132,6.483,2465.1
2017-09-08,107.72,1.2131,6.4773,2461.43
2017-09-11,109.03,1.2136,6.5254,2488.11
2017-09-12,110.01,1.2154,6.5334,2496.48
2017-09-13,110.58,1.2192,6.54,2498.37
2017-09-14,110.66,1.2207,6.552,2495.62
2017-09-15,110.84,1.2183,6.55,2500.23
2017-09-18,111.48,1.2231,6.5725,2503.87
2017-09-19,111.49,1.2262,6.58,2506.65
2017-09-20,111.5,1.2267,6.57,2508.24
2017-09-21,112.3,1.2328,6.5861,2500.6
2017-09-22,112.01,1.2305,6.5899,2502.22
2017-09-25,111.64,1.2347,6.6189,2496.66
2017-09-26,112.16,1.2379,6.6371,2496.84
2017-09-27,112.76,1.2402,6.64,2507.04
2017-09-28,112.66,1.2473,6.6591,2510.06
2017-09-29,112.64,1.2509,6.6533,2519.36
2017-10-02,112.6,1.2507,6.6533,2529.12
2017-10-03,112.8,1.2498,6.6533,2534.58
2017-10-04,112.84,1.2479,6.6533,2537.74
2017-10-05,112.74,1.2548,6.6533,2552.07
2017-10-06,112.68,1.2543,6.6533,2549.33
2017-10-09,,,,2544.73
2017-10-10,112.15,1.2495,6.5712,2550.64
2017-10-11,112.35,1.2511,6.587,2555.24
2017-10-12,112.38,1.247,6.5855,2550.93
2017-10-13,111.94,1.2494,6.5785,2553.17
2017-10-16,111.72,1.2531,6.5885,2557.64
2017-10-17,112.32,1.2567,6.622,2559.36
2017-10-18,112.94,1.2473,6.625,2561.26
2017-10-19,112.54,1.2487,6.6126,2562.1
2017-10-20,113.5,1.2618,6.6185,2575.21
2017-10-23,113.66,1.2644,6.638,2564.98
2017-10-24,113.92,1.266,6.6335,2569.13
2017-10-25,113.7,1.2799,6.635,2557.15
2017-10-26,113.72,1.2821,6.6392,2560.4
2017-10-27,113.82,1.2871,6.6498,2581.07
2017-10-30,113.26,1.2835,6.6498,2572.83
2017-10-31,113.63,1.2894,6.6328,2575.26
2017-11-01,114.04,1.289,6.6018,2579.36
2017-11-02,113.84,1.2808,6.6068,2579.85
2017-11-03,114.25,1.2769,6.636,2587.84
2017-11-06,113.9,1.274,6.6311,2591.13
2017-11-07,113.9,1.2791,6.638,2590.64
2017-11-08,113.62,1.2727,6.6249,2594.38
2017-11-09,113.4,1.2693,6.6378,2584.62
2017-11-10,,,,2582.3
2017-11-13,113.62,1.2735,6.6385,2584.84
2017-11-14,113.5,1.2731,6.635,2578.87
2017-11-15,113.15,1.2783,6.62,2564.62
2017-11-16,112.89,1.2736,6.6273,2585.64
2017-11-17,111.98,1.2785,6.6245,2578.85
2017-11-20,112.49,1.2795,6.6245,2582.14
2017-11-21,112.46,1.2768,6.6265,2599.03
2017-11-22,111.62,1.2728,6.6086,2597.08
2017-11-23,,,,
2017-11-24,111.54,1.2705,6.5998,2602.42
2017-11-27,111.0,1.2745,6.5967,2601.42
2017-11-28,111.13,1.2804,6.6044,2627.04
2017-11-29,111.75,1.285,6.6091,2626.07
2017-11-30,112.3,1.2884,6.609,2647.58
2017-12-01,111.88,1.2705,6.6137,2642.22
2017-12-04,112.8,1.2696,6.6185,2639.44
2017-12-05,112.76,1.269,6.617,2629.57
2017-12-06,112.32,1.2788,6.6136,2629.27
2017-12-07,112.7,1.2832,6.6173,2636.98
2017-12-08,113.55,1.2867,6.6199,2651.5
2017-12-11,113.34,1.2845,6.6175,2659.99
2017-12-12,113.62,1.2884,6.621,2664.11
2017-12-13,113.19,1.2872,6.6171,2662.85
2017-12-14,112.56,1.2849,6.6091,2652.01
2017-12-15,112.68,1.2846,6.6088,2675.81
2017-12-18,112.4,1.2856,6.6088,2690.16
2017-12-19,112.98,1.29,6.6088,2681.47
2017-12-20,113.29,1.2846,6.5771,2679.25
2017-12-21,113.42,1.2717,6.5833,2684.57
2017-12-22,113.3,1.2748,6.575,2683.34
2017-12-25,,,,
2017-12-26,113.2,1.2685,6.5429,2680.5
2017-12-27,113.28,1.2645,6.556,2682.62
2017-12-28,112.85,1.2586,6.5322,2687.54
2017-12-29,112.69,1.2517,6.5063,2673.61
2018-01-01,,,,
2018-01-02,112.18,1.2507,6.491,2695.81
2018-01-03,112.28,1.2534,6.501,2713.06
2018-01-04,112.78,1.2522,6.4915,2723.99
2018-01-05,113.18,1.2396,6.4875,2743.15
2018-01-08,113.08,1.2424,6.497,2747.71
2018-01-09,112.57,1.2457,6.5263,2751.29
2018-01-10,111.48,1.2485,6.5055,2748.23
2018-01-11,111.35,1.2526,6.4956,2767.56
2018-01-12,111.23,1.2517,6.4607,2786.24
2018-01-15,,,,
2018-01-16,110.74,1.2422,6.4395,2776.42
2018-01-17,110.81,1.2443,6.433,2802.56
2018-01-18,110.88,1.2442,6.4175,2798.03
2018-01-19,110.56,1.2456,6.399,2810.3
2018-01-22,111.15,1.246,6.4035,2832.97
2018-01-23,110.46,1.2455,6.4,2839.13
2018-01-24,109.15,1.2357,6.365,2837.54
2018-01-25,108.7,1.2315,6.3189,2839.25
2018-01-26,108.38,1.232,6.3199,2872.87
2018-01-29,109.12,1.2339,6.3328,2853.53
2018-01-30,108.9,1.234,6.3199,2822.43
2018-01-31,109.31,1.2293,6.2841,2823.81
2018-02-01,109.5,1.228,6.2969,2821.98
2018-02-02,110.4,1.2393,6.2984,2762.13
2018-02-05,110.09,1.2483,6.285,2648.94
2018-02-06,109.18,1.2537,6.283,2695.14
2018-02-07,109.53,1.2545,6.2649,2681.66
2018-02-08,109.0,1.2603,6.3222,2581.0
2018-02-09,108.44,1.2599,6.2966,2619.55
2018-02-12,108.72,1.2612,6.325,2656.0
2018-02-13,107.59,1.26,6.338,2662.94
2018-02-14,107.0,1.2564,6.3438,2698.63
2018-02-15,106.36,1.2517,6.3438,2731.2
2018-02-16,106.1,1.2532,6.3438,2732.22
2018-02-19,,,,
2018-02-20,107.23,1.2624,6.3351,2716.26
2018-02-21,107.64,1.2678,6.3351,2701.33
2018-02-22,106.96,1.2705,6.3471,2703.96
2018-02-23,106.64,1.2659,6.3329,2747.3
2018-02-26,106.96,1.2691,6.3115,2779.6
2018-02-27,107.47,1.2748,6.3169,2744.28
2018-02-28,106.62,1.2806,6.328,2713.83
2018-03-01,106.91,1.284,6.3565,2677.67
2018-03-02,105.65,1.2882,6.3428,2691.25
2018-03-05,105.97,1.2982,6.3491,2720.94
2018-03-06,106.03,1.2892,6.3093,2728.12
2018-03-07,105.94,1.2993,6.3225,2726.8
2018-03-08,106.08,1.2936,6.3389,2738.97
2018-03-09,106.74,1.2822,6.3285,2786.57
2018-03-12,106.52,1.2835,6.327,2783.02
2018-03-13,106.64,1.2925,6.318,2765.31
2018-03-14,106.17,1.2946,6.314,2749.48
2018-03-15,106.07,1.3053,6.3202,2747.33
2018-03-16,106.1,1.3096,6.33,2752.01
2018-03-19,105.83,1.3089,6.3291,2712.92
2018-03-20,106.42,1.3083,6.3328,2716.94
2018-03-21,106.3,1.2957,6.32,2711.93
2018-03-22,105.34,1.293,6.331,2643.69
2018-03-23,104.83,1.287,6.311,2588.26
2018-03-26,105.0,1.2866,6.2685,2658.55
2018-03-27,105.72,1.2841,6.2781,2612.62
2018-03-28,106.3,1.2886,6.2946,2605.0
2018-03-29,106.27,1.2901,6.2876,2640.87
2018-03-30,106.2,1.2891,6.2726,
2018-04-02,105.99,1.2918,6.2785,2581.88
2018-04-03,106.45,1.28,6.2881,2614.45
2018-04-04,106.56,1.2801,6.3045,2644.69
2018-04-05,107.48,1.2777,6.3045,2662.84
2018-04-06,107.03,1.2763,6.3045,2604.47
2018-04-09,107.06,1.27,6.3035,2613.16
2018-04-10,107.3,1.2609,6.2798,2656.87
2018-04-11,106.78,1.2581,6.2655,2642.19
2018-04-12,107.3,1.2583,6.2876,2663.99
2018-04-13,107.52,1.2604,6.2725,2656.3
2018-04-16,107.26,1.258,6.2752,2677.84
2018-04-17,107.09,1.2548,6.2804,2706.39
2018-04-18,107.26,1.2636,6.2722,2708.64
2018-04-19,107.42,1.2638,6.2765,2693.13
2018-04-20,107.6,1.274,6.2945,2670.14
2018-04-23,108.62,1.2845,6.3158,2670.29
2018-04-24,109.03,1.2823,6.3035,2634.56
2018-04-25,109.33,1.2871,6.3236,2639.4
2018-04-26,109.3,1.2867,6.334,2666.94
2018-04-27,109.12,1.2862,6.3325,2669.91
2018-04-30,109.28,1.2818,6.3325,2648.05
2018-05-01,109.69,1.2873,6.3325,2654.8
2018-05-02,109.89,1.2848,6.361,2635.67
2018-05-03,109.06,1.2878,6.352,2629.73
2018-05-04,109.16,1.2848,6.3589,2663.42
2018-05-07,109.14,1.285,6.364,2672.63
2018-05-08,109.16,1.2967,6.369,2671.92
2018-05-09,109.68,1.2852,6.3585,2697.79
2018-05-10,109.53,1.2787,6.344,2723.07
2018-05-11,109.26,1.2781,6.3333,2727.72
2018-05-14,109.52,1.2761,6.336,2730.13
2018-05-15,110.25,1.2868,6.376,2711.45
2018-05-16,110.22,1.2828,6.3706,2722.46
2018-05-17,110.76,1.2815,6.3645,2720.13
2018-05-18,110.71,1.2892,6.3768,2712.97
2018-05-21,111.08,1.2835,6.3815,2733.01
2018-05-22,110.94,1.2775,6.366,2724.44
2018-05-23,110.05,1.2882,6.3875,2733.29
2018-05-24,109.3,1.2907,6.3757,2727.76
2018-05-25,109.35,1.2972,6.3903,2721.33
2018-05-28,,,,
2018-05-29,108.62,1.3027,6.4162,2689.86
2018-05-30,109.04,1.2842,6.4175,2724.01
2018-05-31,108.73,1.297,6.4096,2705.27
2018-06-01,109.49,1.2948,6.418,2734.62
2018-06-04,109.66,1.2922,6.405,2746.87
2018-06-05,109.63,1.3008,6.4042,2748.8
2018-06-06,110.0,1.2907,6.385,2772.35
2018-06-07,109.92,1.2988,6.389,2770.37
2018-06-08,109.45,1.2956,6.4031,2779.03
2018-06-11,109.94,1.298,6.4,2782.0
2018-06-12,110.22,1.2987,6.3992,2786.85
2018-06-13,110.41,1.2963,6.3944,2775.63
2018-06-14,110.44,1.307,6.398,2782.49
2018-06-15,110.58,1.3167,6.4379,2779.66
2018-06-18,110.44,1.3229,6.4379,2773.75
2018-06-19,110.02,1.3263,6.4802,2762.59
2018-06-20,110.14,1.3291,6.4713,2767.32
2018-06-21,110.05,1.3319,6.49,2749.76
2018-06-22,109.98,1.3318,6.5027,2754.88
2018-06-25,109.62,1.3313,6.536,2717.07
2018-06-26,109.92,1.3293,6.5759,2723.06
2018-06-27,110.34,1.33,6.5992,2699.63
2018-06-28,110.38,1.3253,6.6235,2716.31
2018-06-29,110.71,1.314,6.6171,2718.37
2018-07-02,110.73,1.3213,6.6632,2726.71
2018-07-03,110.54,1.315,6.6368,2713.22
2018-07-04,,,,
2018-07-05,110.59,1.3121,6.6341,2736.61
2018-07-06,110.48,1.309,6.6396,2759.82
2018-07-09,110.78,1.3111,6.6123,2784.17
2018-07-10,111.24,1.312,6.6296,2793.84
2018-07-11,111.52,1.3127,6.6764,2774.02
2018-07-12,112.41,1.3158,6.663,2798.29
2018-07-13,112.38,1.3168,6.69,2801.31
2018-07-16,112.29,1.3131,6.6866,2798.43
2018-07-17,112.79,1.3198,6.7018,2809.55
2018-07-18,112.82,1.3203,6.7161,2815.62
2018-07-19,112.98,1.3271,6.7701,2804.49
2018-07-20,111.74,1.3155,6.7659,2801.83
2018-07-23,111.36,1.315,6.7927,2806.98
2018-07-24,111.27,1.3165,6.7912,2820.4
2018-07-25,111.02,1.3104,6.7658,2846.07
2018-07-26,111.2,1.308,6.7865,2837.44
2018-07-27,110.94,1.3057,6.8097,2818.82
2018-07-30,110.98,1.3013,6.8102,2802.6
2018-07-31,111.88,1.3017,6.8038,2816.29
2018-08-01,111.72,1.3006,6.8154,2813.36
2018-08-02,111.48,1.3004,6.838,2827.22
2018-08-03,111.12,1.2975,6.8309,2840.35
2018-08-06,111.43,1.2997,6.85,2850.4
2018-08-07,111.19,1.3017,6.828,2858.45
2018-08-08,110.96,1.3061,6.8344,2857.7
2018-08-09,110.9,1.3046,6.8199,2853.58
2018-08-10,110.66,1.3126,6.8458,2833.28
2018-08-13,110.65,1.3138,6.888,2821.93
2018-08-14,110.92,1.3107,6.8809,2839.96
2018-08-15,110.62,1.3155,6.933,2818.37
2018-08-16,110.89,1.3144,6.8792,2840.69
2018-08-17,110.54,1.308,6.874,2850.13
2018-08-20,110.38,1.3085,6.8546,2857.05
2018-08-21,110.48,1.3048,6.8444,2862.96
2018-08-22,110.54,1.3014,6.84,2861.82
2018-08-23,111.14,1.3057,6.8748,2856.98
2018-08-24,111.22,1.3022,6.803,2874.69
2018-08-27,111.09,1.2966,6.8145,2896.74
2018-08-28,111.04,1.2925,6.8018,2897.52
2018-08-29,111.8,1.2941,6.819,2914.04
2018-08-30,111.17,1.2991,6.8415,2901.13
2018-08-31,110.98,1.3072,6.83,2901.52
2018-09-03,,,,
2018-09-04,111.44,1.3182,6.8427,2896.72
2018-09-05,111.47,1.3191,6.827,2888.6
2018-09-06,110.87,1.3212,6.8322,2878.05
2018-09-07,111.18,1.317,6.8419,2871.68
2018-09-10,111.09,1.3159,6.8545,2877.13
2018-09-11,111.54,1.3131,6.8704,2887.89
2018-09-12,111.29,1.3005,6.8574,2888.92
2018-09-13,111.92,1.3005,6.8407,2904.18
2018-09-14,112.09,1.3029,6.8673,2904.98
2018-09-17,111.97,1.3017,6.854,2888.8
2018-09-18,112.3,1.2977,6.8591,2904.31
2018-09-19,112.21,1.2939,6.8466,2907.95
2018-09-20,112.58,1.2918,6.8455,2930.75
2018-09-21,112.62,1.2912,6.8559,2929.67
2018-09-24,112.62,1.2934,6.8559,2919.37
2018-09-25,112.88,1.2944,6.8632,2915.56
2018-09-26,112.92,1.2963,6.8763,2905.97
2018-09-27,113.38,1.3036,6.888,2914.0
2018-09-28,113.48,1.2922,6.868,2913.98
2018-10-01,113.96,1.2799,6.868,2924.59
2018-10-02,113.66,1.2815,6.868,2923.43
2018-10-03,114.19,1.2826,6.868,2925.51
2018-10-04,113.79,1.2903,6.868,2901.61
2018-10-05,113.56,1.2948,6.868,2885.57
2018-10-08,,,,2884.43
2018-10-09,113.13,1.2959,6.9217,2880.34
2018-10-10,112.71,1.2985,6.9224,2785.68
2018-10-11,112.26,1.3037,6.888,2728.37
2018-10-12,112.02,1.3023,6.9182,2767.13
2018-10-15,111.82,1.2966,6.9131,2750.79
2018-10-16,112.16,1.2935,6.9102,2809.92
2018-10-17,112.21,1.2985,6.9263,2809.21
2018-10-18,112.11,1.3059,6.9367,2768.78
2018-10-19,112.52,1.3101,6.9291,2767.78
2018-10-22,112.78,1.3104,6.9446,2755.88
2018-10-23,112.12,1.3101,6.9373,2740.69
2018-10-24,112.58,1.2994,6.942,2656.1
2018-10-25,112.54,1.3066,6.9477,2705.57
2018-10-26,111.65,1.31,6.9425,2658.69
2018-10-29,112.49,1.3129,6.9605,2641.25
2018-10-30,112.76,1.3133,6.9663,2682.63
2018-10-31,112.86,1.3129,6.9737,2711.74
2018-11-01,112.79,1.3108,6.9205,2740.37
2018-11-02,113.09,1.3108,6.8894,2723.06
2018-11-05,113.22,1.3098,6.9249,2738.31
2018-11-06,113.38,1.3132,6.9172,2755.45
2018-11-07,113.32,1.3108,6.9174,2813.89
2018-11-08,113.87,1.3115,6.9318,2806.83
2018-11-09,113.77,1.323,6.9553,2781.01
2018-11-12,,,,2726.22
2018-11-13,113.97,1.3223,6.9546,2722.18
2018-11-14,113.7,1.3237,6.95,2701.58
2018-11-15,113.46,1.3193,6.938,2730.2
2018-11-16,112.76,1.3174,6.9367,2736.27
2018-11-19,112.54,1.3187,6.9398,2690.73
2018-11-20,112.66,1.3245,6.9448,2641.89
2018-11-21,113.06,1.3274,6.9248,2649.93
2018-11-22,,,,
2018-11-23,112.83,1.3226,6.9477,2632.56
2018-11-26,113.58,1.3237,6.9397,2673.45
2018-11-27,113.84,1.3313,6.9498,2682.17
2018-11-28,113.96,1.3328,6.9534,2743.79
2018-11-29,113.42,1.3278,6.9419,2737.76
2018-11-30,113.54,1.3282,6.9558,2760.17
2018-12-03,113.54,1.319,6.8798,2790.37
2018-12-04,112.93,1.3202,6.8343,2700.06
2018-12-05,,,,
2018-12-06,112.46,1.3417,6.8816,2695.95
2018-12-07,112.6,1.3302,6.8733,2633.08
2018-12-10,112.96,1.3385,6.9077,2637.72
2018-12-11,113.41,1.3408,6.8968,2636.78
2018-12-12,113.28,1.3336,6.8778,2651.07
2018-12-13,113.66,1.3349,6.8798,2650.54
2018-12-14,113.35,1.3387,6.905,2599.95
2018-12-17,112.96,1.339,6.8962,2545.94
2018-12-18,112.54,1.3466,6.8939,2546.16
2018-12-19,112.15,1.3434,6.8918,2506.96
2018-12-20,111.34,1.3515,6.8834,2467.42
2018-12-21,111.14,1.357,6.9048,2416.62
2018-12-24,,,,2351.1
2018-12-25,,,,
2018-12-26,110.45,1.3576,6.8847,2467.7
2018-12-27,110.78,1.365,6.8649,2488.83
2018-12-28,110.34,1.3629,6.8755,2485.74
2018-12-31,109.7,1.3644,6.8755,2506.85
2019-01-01,,,,
2019-01-02,109.22,1.3591,6.8597,2510.03
2019-01-03,108.07,1.3484,6.8708,2447.89
2019-01-04,108.29,1.3399,6.8663,2531.94
2019-01-07,108.62,1.3297,6.8501,2549.69
2019-01-08,108.57,1.3307,6.8519,2574.41
2019-01-09,108.38,1.3212,6.8117,2584.96
2019-01-10,108.29,1.3232,6.7875,2596.64
2019-01-11,108.34,1.3256,6.7596,2596.26
2019-01-14,,,,2582.61
2019-01-15,108.72,1.3272,6.7595,2610.3
2019-01-16,108.84,1.3243,6.7532,2616.1
2019-01-17,109.01,1.3296,6.7735,2635.96
2019-01-18,109.79,1.3262,6.7765,2670.71
2019-01-21,,,,
2019-01-22,109.34,1.3333,6.8072,2632.9
2019-01-23,109.44,1.3362,6.7897,2638.7
2019-01-24,109.72,1.3342,6.7835,2642.33
2019-01-25,109.6,1.3259,6.7448,2664.76
2019-01-28,109.2,1.3269,6.7437,2643.85
2019-01-29,109.36,1.3264,6.7304,2640.0
2019-01-30,109.57,1.3189,6.7115,2681.05
2019-01-31,108.84,1.314,6.6958,2704.1
2019-02-01,109.55,1.3095,6.7426,2706.53
2019-02-04,109.96,1.3127,6.7426,2724.87
2019-02-05,109.99,1.3132,6.7426,2737.7
2019-02-06,109.75,1.3192,6.7426,2731.61
2019-02-07,109.7,1.3296,6.7426,2706.05
2019-02-08,109.76,1.3277,6.7426,2707.88
2019-02-11,110.4,1.3296,6.7907,2709.8
2019-02-12,110.5,1.3244,6.7726,2744.73
2019-02-13,110.86,1.3222,6.7598,2753.03
2019-02-14,110.68,1.3307,6.7711,2745.73
2019-02-15,110.54,1.3272,6.768,2775.6
2019-02-18,,,,
2019-02-19,110.68,1.3248,6.756,2779.76
2019-02-20,,,,2784.7
2019-02-21,110.72,1.3192,6.7195,2774.88
2019-02-22,110.7,1.3188,6.7112,2792.67
2019-02-25,111.07,1.3183,6.6844,2796.11
2019-02-26,110.76,1.3175,6.698,2793.9
2019-02-27,110.92,1.3145,6.6822,2792.38
2019-02-28,111.38,1.3166,6.6912,2784.49
2019-03-01,111.89,1.3277,6.7048,2803.69
2019-03-04,111.68,1.3329,6.7045,2792.81
2019-03-05,111.98,1.3352,6.706,2789.65
2019-03-06,111.66,1.3445,6.7099,2771.45
2019-03-07,111.6,1.342,6.7132,2748.93
2019-03-08,111.11,1.3426,6.7201,2743.07
2019-03-11,111.21,1.3418,6.7215,2783.3
2019-03-12,111.38,1.338,6.707,2791.52
2019-03-13,111.23,1.3318,6.7064,2810.92
2019-03-14,111.71,1.3316,6.7209,2808.48
2019-03-15,111.57,1.3337,6.7129,2822.48
2019-03-18,111.41,1.3342,6.7121,2832.94
2019-03-19,111.38,1.3294,6.7106,2832.57
2019-03-20,111.41,1.3327,6.6916,2824.23
2019-03-21,110.86,1.3369,6.6952,2854.88
2019-03-22,109.76,1.3406,6.7162,2800.71
2019-03-25,110.09,1.3418,6.7079,2798.36
2019-03-26,110.5,1.3389,6.7145,2818.46
2019-03-27,110.38,1.3434,6.7262,2805.37
2019-03-28,110.54,1.3424,6.7381,2815.44
2019-03-29,110.68,1.336,6.7112,2834.4
2019-04-01,111.29,1.3344,6.7102,2867.19
2019-04-02,111.32,1.3357,6.7223,2867.24
2019-04-03,111.48,1.3315,6.7098,2873.4
2019-04-04,111.55,1.3357,6.7167,2879.39
2019-04-05,111.71,1.3387,6.7182,2892.74
2019-04-08,111.47,1.3316,6.7158,2895.77
2019-04-09,111.08,1.332,6.7111,2878.2
2019-04-10,110.92,1.3322,6.7153,2888.21
2019-04-11,111.48,1.3379,6.7188,2888.32
2019-04-12,112.0,1.3332,6.7039,2907.41
2019-04-15,112.0,1.3372,6.7072,2905.58
2019-04-16,111.95,1.335,6.7112,2907.06
2019-04-17,112.0,1.3345,6.687,2900.45
2019-04-18,111.94,1.3372,6.7081,2905.03
2019-04-19,111.92,1.3386,6.7032,
2019-04-22,111.94,1.3352,6.7112,2907.97
2019-04-23,111.86,1.342,6.7249,2933.68
2019-04-24,111.81,1.3465,6.7207,2927.25
2019-04-25,111.59,1.3494,6.7418,2926.17
2019-04-26,111.6,1.3459,6.7282,2939.88
2019-04-29,111.8,1.3448,6.7332,2943.03
2019-04-30,111.4,1.3427,6.7347,2945.83
2019-05-01,111.18,1.3417,6.7319,2923.73
2019-05-02,111.39,1.3468,6.7337,2917.52
2019-05-03,111.28,1.3425,6.7337,2945.64
2019-05-06,110.86,1.3446,6.7602,2932.47
2019-05-07,110.34,1.3472,6.7755,2884.05
2019-05-08,110.12,1.3458,6.7818,2879.42
2019-05-09,109.55,1.349,6.8256,2870.72
2019-05-10,109.56,1.3428,6.8217,2881.4
2019-05-13,109.18,1.3467,6.8765,2811.87
2019-05-14,109.68,1.3466,6.8737,2834.41
2019-05-15,109.58,1.3432,6.8742,2850.96
2019-05-16,109.89,1.3433,6.8832,2876.32
2019-05-17,109.9,1.3477,6.9182,2859.53
2019-05-20,109.96,1.3432,6.9111,2840.23
2019-05-21,110.6,1.3425,6.9007,2864.36
2019-05-22,110.28,1.3417,6.9054,2856.27
2019-05-23,109.58,1.3471,6.9087,2822.24
2019-05-24,109.38,1.3454,6.8997,2826.06
2019-05-27,,,,
2019-05-28,109.49,1.3473,6.9078,2802.39
2019-05-29,109.24,1.3533,6.9138,2783.02
2019-05-30,109.67,1.3508,6.9011,2788.86
2019-05-31,108.66,1.3523,6.9027,2752.06
2019-06-03,108.39,1.3471,6.9028,2744.45
2019-06-04,108.3,1.3417,6.9072,2803.27
2019-06-05,108.2,1.3409,6.9084,2826.15
2019-06-06,108.08,1.3374,6.9082,2843.49
2019-06-07,108.15,1.3287,6.9057,2873.34
2019-06-10,108.56,1.3259,6.9298,2886.73
2019-06-11,108.52,1.3291,6.9107,2885.72
2019-06-12,108.42,1.3298,6.9161,2879.84
2019-06-13,108.44,1.333,6.9212,2891.64
2019-06-14,108.44,1.3382,6.9247,2886.98
2019-06-17,108.56,1.3398,6.9251,2889.67
2019-06-18,108.39,1.3396,6.9002,2917.75
2019-06-19,108.36,1.3362,6.8996,2926.46
2019-06-20,107.52,1.3208,6.851,2954.18
2019-06-21,107.55,1.3217,6.8686,2950.46
2019-06-24,107.36,1.3196,6.8758,2945.35
2019-06-25,106.92,1.3164,6.8791,2917.38
2019-06-26,107.64,1.3109,6.8781,2913.78
2019-06-27,107.73,1.3115,6.8762,2924.92
2019-06-28,107.84,1.3091,6.865,2941.76
2019-07-01,108.42,1.3124,6.8487,2964.33
2019-07-02,107.98,1.3117,6.8717,2973.01
2019-07-03,107.84,1.307,6.8806,2995.82
2019-07-04,,,,
2019-07-05,108.55,1.3108,6.8925,2990.41
2019-07-08,108.72,1.3088,6.8808,2975.95
2019-07-09,108.78,1.3123,6.8866,2979.63
2019-07-10,108.44,1.3099,6.8705,2993.07
2019-07-11,108.29,1.3071,6.8682,2999.91
2019-07-12,108.0,1.3042,6.8796,3013.77
2019-07-15,107.89,1.3036,6.8769,3014.3
2019-07-16,108.35,1.3043,6.8753,3004.04
2019-07-17,108.1,1.3041,6.8731,2984.42
2019-07-18,107.74,1.309,6.8788,2995.11
2019-07-19,107.78,1.3081,6.8812,2976.61
2019-07-22,107.91,1.3115,6.8803,2985.03
2019-07-23,108.06,1.3138,6.8787,3005.47
2019-07-24,108.08,1.3134,6.8717,3019.56
2019-07-25,108.58,1.3145,6.8714,3003.67
2019-07-26,108.69,1.3187,6.8785,3025.86
2019-07-29,108.86,1.3151,6.8927,3020.97
2019-07-30,108.66,1.3169,6.8833,3013.18
2019-07-31,108.58,1.3143,6.8833,2980.38
2019-08-01,108.28,1.3202,6.8972,2953.56
2019-08-02,106.64,1.3217,6.9387,2932.05
2019-08-05,106.02,1.3196,7.0481,2844.74
2019-08-06,106.45,1.3252,7.0192,2881.77
2019-08-07,105.62,1.333,7.0592,2883.98
2019-08-08,106.04,1.3241,7.044,2938.09
2019-08-09,105.3,1.3226,7.0613,2918.65
2019-08-12,105.38,1.3232,7.0578,2883.75
2019-08-13,106.6,1.3221,7.0423,2926.32
2019-08-14,105.79,1.332,7.0224,2840.6
2019-08-15,106.12,1.3322,7.0327,2847.6
2019-08-16,106.34,1.328,7.0413,2888.68
2019-08-19,106.5,1.3306,7.0499,2923.65
2019-08-20,106.35,1.3331,7.0597,2900.51
2019-08-21,106.52,1.3275,7.0623,2924.43
2019-08-22,106.44,1.3295,7.0829,2922.95
2019-08-23,105.3,1.3319,7.0928,2847.11
2019-08-26,106.0,1.3282,7.1503,2878.38
2019-08-27,105.8,1.3274,7.1603,2869.16
2019-08-28,105.86,1.3299,7.1628,2887.94
2019-08-29,106.5,1.3299,7.1434,2924.58
2019-08-30,106.3,1.329,7.1543,2926.46
2019-09-02,,,,
2019-09-03,105.88,1.3332,7.1786,2906.27
2019-09-04,106.28,1.3248,7.144,2937.78
2019-09-05,106.96,1.3238,7.1468,2976.0
2019-09-06,106.8,1.317,7.1131,2978.71
2019-09-09,107.14,1.314,7.121,2978.43
2019-09-10,107.34,1.3141,7.1121,2979.39
2019-09-11,107.73,1.3199,7.1153,3000.93
2019-09-12,107.97,1.3209,7.0787,3009.57
2019-09-13,108.12,1.3268,7.0754,3007.39
2019-09-16,107.94,1.324,7.0659,2997.96
2019-09-17,108.12,1.3249,7.0905,3005.7
2019-09-18,108.17,1.3283,7.0849,3006.73
2019-09-19,108.0,1.3258,7.0959,3006.79
2019-09-20,107.95,1.3268,7.0909,2992.07
2019-09-23,107.47,1.3271,7.1168,2991.78
2019-09-24,107.32,1.3253,7.1138,2966.6
2019-09-25,107.78,1.3279,7.1313,2984.87
2019-09-26,107.67,1.3271,7.13,2977.62
2019-09-27,108.05,1.325,7.1218,2961.79
2019-09-30,108.11,1.3243,7.1477,2976.74
2019-10-01,107.7,1.3235,7.1473,2940.25
2019-10-02,107.21,1.3313,7.1473,2887.61
2019-10-03,106.76,1.3323,7.1473,2910.63
2019-10-04,106.91,1.3332,7.1473,2952.01
2019-10-07,107.06,1.3305,7.1473,2938.79
2019-10-08,107.06,1.3332,7.1422,2893.06
2019-10-09,107.43,1.3327,7.1316,2919.4
2019-10-10,107.91,1.3274,7.1153,2938.13
2019-10-11,108.52,1.3181,7.0868,2970.27
2019-10-14,,,,2966.15
2019-10-15,108.83,1.3199,7.0814,2995.68
2019-10-16,108.71,1.3191,7.092,2989.69
2019-10-17,108.51,1.3136,7.0766,2997.95
2019-10-18,108.44,1.3134,7.0805,2986.2
2019-10-21,108.57,1.31,7.0748,3006.72
2019-10-22,108.56,1.3086,7.0761,2995.99
2019-10-23,108.64,1.3089,7.0624,3004.52
2019-10-24,108.62,1.3078,7.0684,3010.29
2019-10-25,108.75,1.3064,7.0647,3022.55
2019-10-28,109.02,1.3063,7.067,3039.42
2019-10-29,108.83,1.3078,7.0655,3036.89
2019-10-30,108.88,1.3179,7.0541,3046.77
2019-10-31,108.09,1.3144,7.0379,3037.56
2019-11-01,108.16,1.3145,7.0368,3066.91
2019-11-04,108.56,1.3145,7.03,3078.27
2019-11-05,109.13,1.3176,7.0082,3074.62
2019-11-06,108.86,1.3187,6.9968,3076.78
2019-11-07,109.42,1.3177,6.9766,3085.18
2019-11-08,109.14,1.3218,6.9954,3093.08
2019-11-11,,,,3087.01
2019-11-12,109.09,1.3227,7.0066,3091.84
2019-11-13,108.83,1.3239,7.0223,3094.04
2019-11-14,108.33,1.3251,7.0195,3096.63
2019-11-15,108.8,1.3228,7.0075,3120.46
2019-11-18,108.61,1.321,7.0246,3122.03
2019-11-19,108.59,1.3233,7.0263,3120.18
2019-11-20,108.67,1.3317,7.0344,3108.46
2019-11-21,108.53,1.3277,7.0285,3103.54
2019-11-22,108.67,1.3293,7.0389,3110.29
2019-11-25,108.95,1.3312,7.0349,3133.64
2019-11-26,109.11,1.3285,7.0319,3140.52
2019-11-27,109.38,1.3284,7.028,3153.63
2019-11-28,,,,
2019-11-29,109.47,1.3291,7.0308,3140.98
2019-12-02,109.09,1.3298,7.038,3113.87
2019-12-03,108.53,1.3298,7.0609,3093.2
2019-12-04,108.87,1.3212,7.0489,3112.76
2019-12-05,108.69,1.3177,7.0445,3117.43
2019-12-06,108.66,1.3255,7.0348,3145.91
2019-12-09,108.59,1.3228,7.0389,3135.96
2019-12-10,108.73,1.3231,7.0328,3132.52
2019-12-11,108.67,1.3202,7.0384,3141.63
2019-12-12,109.16,1.3185,6.9925,3168.57
2019-12-13,109.28,1.3196,6.9925,3168.8
2019-12-16,109.64,1.3158,6.9921,3191.45
2019-12-17,109.52,1.3155,6.9967,3192.52
2019-12-18,109.58,1.3117,7.0029,3191.14
2019-12-19,109.23,1.3122,7.0097,3205.37
2019-12-20,109.45,1.317,7.0063,3221.22
2019-12-23,109.39,1.3167,7.0124,3224.01
2019-12-24,109.38,1.316,7.0064,3223.38
2019-12-25,,,,
2019-12-26,109.67,1.3124,6.9949,3239.91
2019-12-27,109.47,1.3073,6.9954,3240.02
2019-12-30,108.85,1.3058,6.9864,3221.29
2019-12-31,108.67,1.2962,6.9618,3230.78
2020-01-01,,,,
2020-01-02,108.43,1.2998,6.9642,3257.85
2020-01-03,107.94,1.2985,6.9649,3234.85
2020-01-06,108.36,1.2964,6.9749,3246.28
2020-01-07,108.53,1.3016,6.9443,3237.18
2020-01-08,109.03,1.3026,6.9447,3253.05
2020-01-09,109.47,1.309,6.9309,3274.7
2020-01-10,109.5,1.3051,6.9178,3265.35
2020-01-13,109.93,1.3049,6.8924,3288.13
2020-01-14,110.05,1.3056,6.8837,3283.15
2020-01-15,109.94,1.304,6.8899,3289.29
2020-01-16,110.16,1.3042,6.8769,3316.81
2020-01-17,110.16,1.3074,6.8589,3329.62
2020-01-20,,,,
2020-01-21,109.95,1.3068,6.9049,3320.79
2020-01-22,109.93,1.3135,6.904,3321.75
2020-01-23,109.39,1.3144,6.9364,3325.54
2020-01-24,109.31,1.3146,6.9161,3295.47
2020-01-27,108.95,1.3176,6.9161,3243.63
2020-01-28,109.17,1.3174,6.9161,3276.24
2020-01-29,109.15,1.3201,6.9161,3273.4
2020-01-30,108.75,1.3216,6.9161,3283.66
2020-01-31,108.5,1.322,6.9161,3225.52
2020-02-03,108.59,1.3295,7.0208,3248.92
2020-02-04,109.41,1.3266,6.9979,3297.59
2020-02-05,109.74,1.3294,6.972,3334.69
2020-02-06,109.89,1.3292,6.9694,3345.78
2020-02-07,109.81,1.3304,7.0003,3327.71
2020-02-10,109.77,1.3323,6.982,3352.09
2020-02-11,109.78,1.3299,6.965,3357.75
2020-02-12,110.0,1.3243,6.9708,3379.45
2020-02-13,109.81,1.3255,6.9759,3373.94
2020-02-14,109.77,1.3251,6.9859,3380.16
2020-02-17,,,,
2020-02-18,109.8,1.3256,6.9949,3370.29
2020-02-19,111.17,1.3232,6.9975,3386.15
2020-02-20,111.86,1.3259,7.0225,3373.23
2020-02-21,111.74,1.3217,7.0255,3337.75
2020-02-24,110.56,1.3282,7.0286,3225.89
2020-02-25,110.23,1.3285,7.0128,3128.21
2020-02-26,110.36,1.3321,7.0214,3116.39
2020-02-27,110.15,1.3356,7.0036,2978.76
2020-02-28,108.12,1.3411,6.9906,2954.22
2020-03-02,108.02,1.3334,6.9595,3090.23
2020-03-03,107.28,1.3352,6.9579,3003.37
2020-03-04,107.34,1.3425,6.9244,3130.12
2020-03-05,106.56,1.3403,6.9366,3023.94
2020-03-06,105.31,1.342,6.9298,2972.37
2020-03-09,102.52,1.3527,6.9448,2746.56
2020-03-10,103.71,1.3775,6.9549,2882.23
2020-03-11,104.81,1.3748,6.9595,2741.38
2020-03-12,105.67,1.3869,7.0282,2480.64
2020-03-13,107.15,1.3991,7.0079,2711.02
2020-03-16,105.64,1.3974,6.9913,2386.13
2020-03-17,107.41,1.4188,7.003,2529.19
2020-03-18,108.45,1.4529,7.0459,2398.1
2020-03-19,110.08,1.4463,7.1058,2409.39
2020-03-20,111.3,1.4363,7.095,2304.92
2020-03-23,111.36,1.4539,7.09,2237.4
2020-03-24,111.44,1.448,7.061,2447.33
2020-03-25,111.43,1.4333,7.1099,2475.56
2020-03-26,109.45,1.4045,7.0709,2630.07
2020-03-27,108.16,1.4075,7.0942,2541.47
2020-03-30,108.06,1.4169,7.0986,2626.65
2020-03-31,107.53,1.4123,7.0808,2584.59
2020-04-01,107.05,1.4222,7.0989,2470.5
2020-04-02,107.85,1.411,7.0857,2526.9
2020-04-03,108.53,1.4132,7.0908,2488.65
2020-04-06,109.11,1.4125,7.0895,2663.68
2020-04-07,108.97,1.3971,7.0448,2659.41
2020-04-08,108.7,1.4015,7.0649,2749.98
2020-04-09,108.38,1.398,7.0428,2789.82
2020-04-10,108.39,1.3967,7.0341,
2020-04-13,107.59,1.3953,7.0501,2761.63
2020-04-14,107.08,1.3903,7.0479,2846.06
2020-04-15,107.42,1.4105,7.0664,2783.36
2020-04-16,107.72,1.4141,7.0778,2799.55
2020-04-17,107.52,1.4026,7.0711,2874.56
2020-04-20,107.69,1.4067,7.0721,2823.16
2020-04-21,107.69,1.4199,7.0914,2736.56
2020-04-22,107.81,1.4132,7.0831,2799.31
2020-04-23,107.65,1.4028,7.0654,2797.8
2020-04-24,107.44,1.4098,7.0813,2836.74
2020-04-27,107.22,1.4042,7.0848,2878.48
2020-04-28,106.83,1.3992,7.0776,2863.39
2020-04-29,106.67,1.3936,7.0755,2939.51
2020-04-30,106.94,1.3911,7.0622,2912.43
2020-05-01,106.76,1.4102,7.0622,2830.71
2020-05-04,106.82,1.4088,7.0622,2842.74
2020-05-05,106.52,1.4025,7.0622,2868.44
2020-05-06,106.07,1.4143,7.1031,2848.42
2020-05-07,106.36,1.3972,7.0825,2881.19
2020-05-08,106.5,1.391,7.0732,2929.8
2020-05-11,107.7,1.4024,7.0972,2930.32
2020-05-12,107.33,1.4009,7.0816,2870.12
2020-05-13,106.92,1.4089,7.0911,2820.0
2020-05-14,107.09,1.4086,7.0935,2852.5
2020-05-15,107.27,1.409,7.1013,2863.7
2020-05-18,107.25,1.3966,7.1086,2953.91
2020-05-19,107.89,1.3879,7.098,2922.94
2020-05-20,107.46,1.3911,7.0928,2971.61
2020-05-21,107.69,1.3946,7.1138,2948.51
2020-05-22,107.5,1.4021,7.1269,2955.45
2020-05-25,,,,
2020-05-26,107.64,1.3821,7.134,2991.77
2020-05-27,107.79,1.3786,7.1681,3036.13
2020-05-28,107.67,1.3763,7.1447,3029.73
2020-05-29,107.77,1.3809,7.1348,3044.31
2020-06-01,107.56,1.3603,7.1263,3055.73
2020-06-02,108.6,1.3515,7.0992,3080.82
2020-06-03,108.88,1.3489,7.1115,3122.87
2020-06-04,109.0,1.3513,7.1075,3112.35
2020-06-05,109.68,1.342,7.0808,3193.93
2020-06-08,108.46,1.3379,7.07,3232.39
2020-06-09,107.66,1.3433,7.0765,3207.18
2020-06-10,107.25,1.3388,7.0599,3190.14
2020-06-11,106.67,1.3559,7.064,3002.1
2020-06-12,107.36,1.3587,7.0825,3041.31
2020-06-15,107.33,1.3618,7.0887,3066.59
2020-06-16,107.35,1.3562,7.0854,3124.74
2020-06-17,107.26,1.357,7.084,3113.49
2020-06-18,106.78,1.3593,7.0869,3115.34
2020-06-19,106.89,1.3601,7.0707,3097.74
2020-06-22,106.84,1.3544,7.0678,3117.86
2020-06-23,106.44,1.3509,7.0575,3131.29
2020-06-24,106.83,1.3601,7.077,3050.33
2020-06-25,107.21,1.366,7.0768,3083.76
2020-06-26,107.19,1.3695,7.0768,3009.05
2020-06-29,107.71,1.3686,7.0794,3053.24
2020-06-30,107.77,1.3614,7.0651,3100.29
2020-07-01,107.5,1.3579,7.0703,3115.86
2020-07-02,107.55,1.3591,7.066,3130.01
2020-07-03,,,,
2020-07-06,107.5,1.3546,7.0159,3179.72
2020-07-07,107.53,1.3587,7.0127,3145.32
2020-07-08,107.39,1.3539,7.0041,3169.94
2020-07-09,107.27,1.3577,6.9923,3152.05
2020-07-10,106.77,1.3591,6.999,3185.04
2020-07-13,107.22,1.3568,6.9959,3155.22
2020-07-14,107.2,1.3606,7.006,3197.52
2020-07-15,106.92,1.3521,6.9885,3226.56
2020-07-16,107.05,1.3539,6.9881,3215.57
2020-07-17,107.06,1.3572,6.9912,3224.73
2020-07-20,107.21,1.3531,6.9829,3251.84
2020-07-21,106.82,1.3443,6.98,3257.3
2020-07-22,107.18,1.3407,6.9988,3276.02
2020-07-23,106.83,1.337,7.0034,3235.66
2020-07-24,105.79,1.3425,7.0168,3215.63
2020-07-27,105.29,1.3383,6.995,3239.41
2020-07-28,105.03,1.3364,6.9998,3218.44
2020-07-29,105.06,1.337,7.0014,3258.44
2020-07-30,105.05,1.344,7.008,3246.22
2020-07-31,105.78,1.3384,6.9744,3271.12
2020-08-03,106.11,1.3408,6.9799,3294.61
2020-08-04,105.87,1.3366,6.972,3306.51
2020-08-05,105.44,1.3254,6.9353,3327.77
2020-08-06,105.52,1.3285,6.952,3349.16
2020-08-07,105.92,1.3393,6.967,3351.28
2020-08-10,105.85,1.335,6.9611,3360.47
2020-08-11,106.56,1.3296,6.9451,3333.69
2020-08-12,106.85,1.325,6.9363,3380.35
2020-08-13,106.89,1.3214,6.944,3373.43
2020-08-14,106.49,1.325,6.9501,3372.85
2020-08-17,105.97,1.3202,6.9318,3381.99
2020-08-18,105.41,1.3181,6.9215,3389.78
2020-08-19,105.71,1.3173,6.9192,3374.85
2020-08-20,105.81,1.3177,6.9143,3385.51
2020-08-21,105.88,1.3201,6.9179,3397.16
2020-08-24,105.9,1.322,6.918,3431.28
2020-08-25,106.4,1.3191,6.9116,3443.62
2020-08-26,106.13,1.3145,6.8855,3478.73
2020-08-27,106.42,1.3111,6.8925,3484.55
2020-08-28,105.3,1.3106,6.8647,3508.01
2020-08-31,105.84,1.3034,6.8474,3500.31
2020-09-01,106.0,1.3043,6.8272,3526.65
2020-09-02,106.15,1.3061,6.8375,3580.84
2020-09-03,106.14,1.3131,6.8474,3455.06
2020-09-04,106.34,1.3095,6.8409,3426.96
2020-09-07,,,,
2020-09-08,105.97,1.3194,6.8435,3331.84
2020-09-09,106.23,1.3163,6.8308,3398.96
2020-09-10,106.19,1.3162,6.8335,3339.19
2020-09-11,106.17,1.3183,6.833,3340.97
2020-09-14,105.68,1.3172,6.808,3383.54
2020-09-15,105.5,1.3199,6.7819,3401.2
2020-09-16,104.94,1.3164,6.7529,3385.49
2020-09-17,104.77,1.3204,6.7628,3357.01
2020-09-18,104.44,1.3179,6.7675,3319.47
2020-09-21,104.69,1.3299,6.8043,3281.06
2020-09-22,105.05,1.3313,6.7779,3315.57
2020-09-23,105.34,1.3373,6.8089,3236.92
2020-09-24,105.42,1.337,6.8273,3246.59
2020-09-25,105.59,1.3409,6.822,3298.46
2020-09-28,105.5,1.3377,6.8106,3351.6
2020-09-29,105.68,1.3411,6.815,3335.47
2020-09-30,105.58,1.3323,6.7896,3363.0
2020-10-01,105.53,1.3289,6.7898,3380.8
2020-10-02,105.36,1.332,6.7898,3348.44
2020-10-05,105.7,1.3269,6.7896,3408.63
2020-10-06,105.64,1.3275,6.7896,3360.95
2020-10-07,105.97,1.3283,6.7896,3419.45
2020-10-08,105.98,1.3222,6.7896,3446.83
2020-10-09,105.72,1.312,6.6933,3477.13
2020-10-12,,,,3534.22
2020-10-13,105.55,1.3138,6.7452,3511.93
2020-10-14,105.08,1.3147,6.7136,3488.67
2020-10-15,105.38,1.3243,6.7233,3483.34
2020-10-16,105.41,1.3194,6.6962,3483.81
2020-10-19,105.42,1.3155,6.6803,3426.92
2020-10-20,105.56,1.312,6.6754,3443.12
2020-10-21,104.58,1.313,6.6503,3435.56
2020-10-22,104.88,1.3132,6.6821,3453.49
2020-10-23,104.78,1.3147,6.6861,3465.39
2020-10-26,104.86,1.3214,6.7119,3400.97
2020-10-27,104.44,1.3156,6.7044,3390.68
2020-10-28,104.33,1.3321,6.7279,3271.03
2020-10-29,104.69,1.3365,6.714,3310.11
2020-10-30,104.54,1.3332,6.6919,3269.96
2020-11-02,104.8,1.3255,6.6899,3310.24
2020-11-03,104.5,1.3132,6.6759,3369.16
2020-11-04,104.39,1.3113,6.6504,3443.44
2020-11-05,103.67,1.3045,6.6027,3510.45
2020-11-06,103.32,1.3029,6.608,3509.44
2020-11-09,105.58,1.2978,6.628,3550.5
2020-11-10,105.36,1.2998,6.6146,3545.53
2020-11-11,,,,3572.66
2020-11-12,105.16,1.3107,6.6114,3537.01
2020-11-13,104.61,1.3164,6.6039,3585.15
2020-11-16,104.54,1.3072,6.583,3626.91
2020-11-17,104.2,1.3107,6.5556,3609.53
2020-11-18,103.72,1.3049,6.5588,3567.79
2020-11-19,103.85,1.3083,6.5823,3581.87
2020-11-20,103.81,1.3075,6.5608,3557.54
2020-11-23,104.42,1.3097,6.585,3577.59
2020-11-24,104.61,1.3027,6.59,3635.41
2020-11-25,104.39,1.2994,6.575,3629.65
2020-11-26,,,,
2020-11-27,,,,3638.35
2020-11-30,104.38,1.2982,6.576,3621.63
2020-12-01,104.4,1.2958,6.5705,3662.45
2020-12-02,104.52,1.2934,6.5622,3669.01
2020-12-03,103.77,1.2875,6.5418,3666.72
2020-12-04,104.16,1.2797,6.5301,3699.12
2020-12-07,104.01,1.2796,6.5295,3691.96
2020-12-08,104.14,1.2808,6.5307,3702.25
2020-12-09,104.28,1.2791,6.541,3672.82
2020-12-10,104.3,1.2727,6.5419,3668.1
2020-12-11,103.88,1.2767,6.5445,3663.46
2020-12-14,104.06,1.2787,6.548,3647.49
2020-12-15,103.69,1.273,6.5388,3694.62
2020-12-16,103.59,1.2755,6.5323,3701.17
2020-12-17,103.13,1.2715,6.5321,3722.48
2020-12-18,103.35,1.2776,6.5395,3709.41
2020-12-21,103.44,1.2836,6.5493,3694.92
2020-12-22,103.62,1.2918,6.5426,3687.26
2020-12-23,103.52,1.2841,6.54,3690.01
2020-12-24,,,,3703.06
2020-12-25,,,,
2020-12-28,103.84,1.2871,6.5346,3735.36
2020-12-29,103.5,1.2794,6.53,3727.04
2020-12-30,103.31,1.2764,6.5208,3732.04
2020-12-31,103.19,1.2753,6.525,3756.07
2021-01-01,,,,
2021-01-04,103.19,1.2781,6.4601,3700.65
2021-01-05,102.7,1.27,6.455,3726.86
2021-01-06,103.25,1.2685,6.4617,3748.14
2021-01-07,103.84,1.272,6.476,3803.79
2021-01-08,103.89,1.2698,6.475,3824.68
2021-01-11,104.16,1.2768,6.4795,3799.61
2021-01-12,104.09,1.2745,6.461,3801.19
2021-01-13,103.91,1.271,6.4677,3809.84
2021-01-14,103.66,1.2633,6.4736,3795.54
2021-01-15,103.8,1.2709,6.48,3768.25
2021-01-18,,,,
2021-01-19,103.86,1.2721,6.4777,3798.91
2021-01-20,,,,3851.85
2021-01-21,103.57,1.2634,6.4595,3853.07
2021-01-22,103.76,1.2711,6.481,3841.47
2021-01-25,103.78,1.2747,6.4784,3855.36
2021-01-26,103.69,1.2711,6.4635,3849.62
2021-01-27,104.09,1.2782,6.4822,3750.77
2021-01-28,104.31,1.2812,6.4491,3787.38
2021-01-29,104.64,1.2776,6.4282,3714.24
2021-02-01,104.97,1.2826,6.4669,3773.86
2021-02-02,105.09,1.2815,6.457,3826.31
2021-02-03,105.05,1.2765,6.4614,3830.17
2021-02-04,105.43,1.283,6.4715,3871.74
2021-02-05,105.44,1.2781,6.4664,3886.83
2021-02-08,105.19,1.2755,6.4475,3915.59
2021-02-09,104.62,1.2713,6.4344,3911.23
2021-02-10,104.67,1.2678,6.4576,3909.88
2021-02-11,104.75,1.2689,6.4567,3916.38
2021-02-12,104.94,1.2694,6.4567,3934.83
2021-02-15,,,,
2021-02-16,105.88,1.2694,6.4567,3932.59
2021-02-17,105.83,1.2712,6.4567,3931.33
2021-02-18,105.69,1.2706,6.4869,3913.97
2021-02-19,105.58,1.2596,6.4555,3906.71
2021-02-22,105.06,1.2606,6.4625,3876.5
2021-02-23,105.21,1.261,6.464,3881.37
2021-02-24,105.91,1.2537,6.4556,3925.43
2021-02-25,106.22,1.2528,6.4541,3829.34
2021-02-26,106.64,1.2698,6.473,3811.15
2021-03-01,106.68,1.2652,6.4648,3901.82
2021-03-02,106.75,1.2612,6.4702,3870.29
2021-03-03,106.92,1.2611,6.4675,3819.72
2021-03-04,107.58,1.2584,6.4694,3768.47
2021-03-05,108.24,1.2666,6.496,3841.94
2021-03-08,108.92,1.2672,6.525,3821.35
2021-03-09,108.64,1.2652,6.505,3875.44
2021-03-10,108.58,1.2641,6.505,3898.81
2021-03-11,108.44,1.2558,6.4932,3939.34
2021-03-12,108.87,1.2471,6.5081,3943.34
2021-03-15,109.11,1.249,6.4996,3968.94
2021-03-16,109.01,1.2451,6.5052,3962.71
2021-03-17,109.22,1.2475,6.503,3974.12
2021-03-18,108.97,1.2434,6.5054,3915.46
2021-03-19,108.85,1.2511,6.507,3913.1
2021-03-22,108.67,1.2528,6.507,3940.59
2021-03-23,108.61,1.2548,6.516,3910.52
2021-03-24,108.81,1.2551,6.523,3889.14
2021-03-25,109.13,1.2613,6.5452,3909.52
2021-03-26,109.55,1.2577,6.5412,3974.54
2021-03-29,109.73,1.2592,6.5696,3971.09
2021-03-30,110.19,1.2626,6.5716,3958.55
2021-03-31,110.61,1.2571,6.5518,3972.89
2021-04-01,110.61,1.2569,6.5645,4019.87
2021-04-02,110.67,1.2566,6.5646,
2021-04-05,110.08,1.2512,6.5649,4077.91
2021-04-06,109.83,1.254,6.537,4073.94
2021-04-07,109.67,1.2614,6.5415,4079.95
2021-04-08,109.25,1.2576,6.5505,4097.17
2021-04-09,109.64,1.254,6.5522,4128.8
2021-04-12,109.43,1.2556,6.5475,4127.99
2021-04-13,109.19,1.2541,6.5431,4141.59
2021-04-14,108.93,1.2515,6.5292,4124.66
2021-04-15,108.78,1.2539,6.522,4170.42
2021-04-16,108.78,1.2498,6.5203,4185.47
2021-04-19,108.09,1.2534,6.5085,4163.26
2021-04-20,108.07,1.2574,6.4981,4134.94
2021-04-21,108.09,1.2484,6.4903,4173.42
2021-04-22,108.17,1.249,6.491,4134.98
2021-04-23,107.94,1.2495,6.4945,4180.17
2021-04-26,108.12,1.2399,6.4844,4187.62
2021-04-27,108.56,1.2396,6.483,4186.72
2021-04-28,108.81,1.2354,6.4771,4183.18
2021-04-29,108.94,1.2295,6.471,4211.47
2021-04-30,109.33,1.2291,6.4749,4181.17
2021-05-03,109.08,1.2275,6.4749,4192.66
2021-05-04,109.34,1.232,6.4749,4164.66
2021-05-05,109.27,1.2262,6.4749,4167.59
2021-05-06,109.17,1.2192,6.4635,4201.62
2021-05-07,108.52,1.2137,6.431,4232.6
2021-05-10,108.7,1.2085,6.4156,4188.43
2021-05-11,108.53,1.2092,6.4285,4152.1
2021-05-12,109.53,1.2104,6.4566,4063.04
2021-05-13,109.56,1.2147,6.4506,4112.5
2021-05-14,109.37,1.2114,6.4367,4173.85
2021-05-17,109.17,1.2073,6.4388,4163.29
2021-05-18,109.01,1.2061,6.425,4127.83
2021-05-19,108.76,1.2089,6.4342,4115.68
2021-05-20,108.79,1.2049,6.4339,4159.12
2021-05-21,108.94,1.2072,6.4339,4155.86
2021-05-24,108.81,1.2082,6.4177,4197.05
2021-05-25,108.95,1.2069,6.41,4188.13
2021-05-26,109.1,1.2111,6.3905,4195.99
2021-05-27,109.81,1.2075,6.3824,4200.88
2021-05-28,109.83,1.2087,6.3674,4204.11
2021-05-31,,,,
2021-06-01,109.43,1.2031,6.3796,4202.04
2021-06-02,109.59,1.2047,6.3805,4208.12
2021-06-03,110.28,1.2116,6.4036,4192.85
2021-06-04,109.42,1.2088,6.3945,4229.89
2021-06-07,109.25,1.2062,6.3963,4226.52
2021-06-08,109.47,1.2101,6.4,4227.26
2021-06-09,109.61,1.2102,6.3865,4219.55
2021-06-10,109.49,1.2095,6.3929,4239.18
2021-06-11,109.75,1.2162,6.3967,4247.44
2021-06-14,109.98,1.2131,6.3979,4255.15
2021-06-15,110.12,1.2202,6.4052,4246.59
2021-06-16,109.88,1.2165,6.3969,4223.7
2021-06-17,110.28,1.2353,6.4477,4221.86
2021-06-18,110.21,1.2437,6.4525,4166.45
2021-06-21,110.22,1.237,6.4659,4224.79
2021-06-22,110.75,1.2364,6.4811,4246.44
2021-06-23,110.86,1.2286,6.4727,4241.84
2021-06-24,110.91,1.2337,6.4701,4266.49
2021-06-25,110.78,1.2293,6.4545,4280.7
2021-06-28,110.5,1.2325,6.4555,4290.61
2021-06-29,110.53,1.2378,6.4635,4291.8
2021-06-30,111.05,1.2404,6.4566,4297.5
2021-07-01,111.56,1.2405,6.4679,4319.94
2021-07-02,111.28,1.2346,6.4721,4352.34
2021-07-05,,,,
2021-07-06,110.66,1.2466,6.4786,4343.54
2021-07-07,110.62,1.2506,6.4718,4358.13
2021-07-08,109.82,1.2533,6.4898,4320.82
2021-07-09,110.18,1.2476,6.4788,4369.55
2021-07-12,110.36,1.2455,6.4751,4384.63
2021-07-13,110.36,1.2511,6.4685,4369.21
2021-07-14,110.03,1.2521,6.4688,4374.3
2021-07-15,110.05,1.2575,6.46,4360.03
2021-07-16,110.13,1.2586,6.4785,4327.16
2021-07-19,109.45,1.2752,6.4893,4258.49
2021-07-20,109.92,1.2724,6.4845,4323.06
2021-07-21,110.22,1.2538,6.4664,4358.69
2021-07-22,110.1,1.2578,6.47,4367.48
2021-07-23,110.52,1.258,6.4808,4411.79
2021-07-26,110.31,1.254,6.4825,4422.3
2021-07-27,109.64,1.2579,6.5104,4401.46
2021-07-28,110.06,1.2563,6.4905,4400.64
2021-07-29,109.53,1.2439,6.4562,4419.15
2021-07-30,109.7,1.2466,6.4609,4395.26
2021-08-02,109.22,1.2501,6.462,4387.16
2021-08-03,109.09,1.255,6.47,4423.15
2021-08-04,109.44,1.2551,6.4655,4402.66
2021-08-05,109.75,1.2487,6.4608,4429.1
2021-08-06,110.22,1.2563,6.4825,4436.52
2021-08-09,110.25,1.2571,6.4857,4432.35
2021-08-10,110.54,1.2531,6.4852,4436.75
2021-08-11,110.47,1.2513,6.4783,4447.7
2021-08-12,110.36,1.2518,6.4782,4460.83
2021-08-13,109.75,1.2512,6.4768,4468.0
2021-08-16,109.26,1.257,6.4742,4479.71
2021-08-17,109.59,1.2622,6.4854,4448.08
2021-08-18,109.92,1.2638,6.4841,4400.27
2021-08-19,109.75,1.279,6.4942,4405.8
2021-08-20,109.77,1.2853,6.5012,4441.67
2021-08-23,109.78,1.2666,6.4805,4479.53
2021-08-24,109.68,1.2615,6.471,4486.23
2021-08-25,110.03,1.2624,6.4756,4496.19
2021-08-26,110.09,1.2654,6.4809,4470.0
2021-08-27,109.84,1.2613,6.4711,4509.37
2021-08-30,109.91,1.2606,6.4658,4528.79
2021-08-31,110.05,1.2629,6.4604,4522.68
2021-09-01,110.03,1.2615,6.4586,4524.09
2021-09-02,110.01,1.2559,6.456,4536.95
2021-09-03,109.64,1.2524,6.4528,4535.43
2021-09-06,,,,
2021-09-07,110.17,1.2622,6.4662,4520.03
2021-09-08,110.32,1.2681,6.4612,4514.07
2021-09-09,109.76,1.2648,6.4547,4493.28
2021-09-10,109.93,1.2636,6.444,4458.58
2021-09-13,109.94,1.2643,6.4511,4468.73
2021-09-14,109.66,1.2663,6.4382,4443.05
2021-09-15,109.4,1.2653,6.432,4480.7
2021-09-16,109.67,1.2679,6.4566,4473.75
2021-09-17,109.94,1.2738,6.4655,4432.99
2021-09-20,109.47,1.2818,6.4651,4357.73
2021-09-21,109.33,1.2789,6.4651,4354.19
2021-09-22,109.59,1.2733,6.4611,4395.64
2021-09-23,110.17,1.2662,6.459,4448.98
2021-09-24,110.72,1.2672,6.466,4455.48
2021-09-27,110.97,1.2643,6.456,4443.11
2021-09-28,111.33,1.2692,6.4595,4352.63
2021-09-29,111.83,1.275,6.4702,4359.46
2021-09-30,111.5,1.2673,6.4434,4307.54
2021-10-01,110.97,1.2657,6.4434,4357.04
2021-10-04,110.94,1.2571,6.4434,4300.46
2021-10-05,111.39,1.2562,6.4434,4345.72
2021-10-06,111.33,1.2612,6.4434,4363.55
2021-10-07,111.5,1.2546,6.4434,4399.76
2021-10-08,112.15,1.2477,6.4435,4391.34
2021-10-11,,,,4361.19
2021-10-12,113.69,1.2439,6.4485,4350.65
2021-10-13,113.49,1.2448,6.4262,4363.8
2021-10-14,113.59,1.2362,6.438,4438.26
2021-10-15,114.31,1.2387,6.434,4471.37
2021-10-18,114.22,1.2362,6.429,4486.46
2021-10-19,114.27,1.2354,6.3822,4519.63
2021-10-20,114.24,1.2328,6.3936,4536.19
2021-10-21,113.75,1.2339,6.3925,4549.78
2021-10-22,113.54,1.2385,6.3839,4544.9
2021-10-25,113.7,1.2373,6.3856,4566.48
2021-10-26,114.19,1.2388,6.382,4574.79
2021-10-27,113.75,1.2337,6.3915,4551.68
2021-10-28,113.38,1.2348,6.3917,4596.42
2021-10-29,114.03,1.2397,6.405,4605.38
2021-11-01,114.19,1.2355,6.3972,4613.67
2021-11-02,113.78,1.242,6.3995,4630.65
2021-11-03,114.06,1.2416,6.4061,4660.57
2021-11-04,113.63,1.2462,6.397,4680.06
2021-11-05,113.45,1.2439,6.3961,4697.53
2021-11-08,113.15,1.2441,6.3902,4701.7
2021-11-09,112.87,1.2457,6.3916,4685.25
2021-11-10,113.89,1.2447,6.3882,4646.71
2021-11-11,,,,4649.27
2021-11-12,113.9,1.2558,6.3787,4682.85
2021-11-15,113.96,1.2515,6.3824,4682.8
2021-11-16,114.62,1.2562,6.3919,4700.9
2021-11-17,114.33,1.2594,6.3775,4688.67
2021-11-18,114.22,1.2629,6.3851,4704.54
2021-11-19,113.81,1.2631,6.3863,4697.96
2021-11-22,114.69,1.2684,6.3842,4682.94
2021-11-23,114.98,1.2712,6.391,4690.7
2021-11-24,115.34,1.2657,6.3917,4701.46
2021-11-25,,,,
2021-11-26,113.46,1.2756,6.3924,4594.62
2021-11-29,113.75,1.2792,6.3875,4655.27
2021-11-30,113.22,1.2812,6.364,4567.0
2021-12-01,112.82,1.2778,6.3641,4513.04
2021-12-02,113.1,1.2814,6.3763,4577.1
2021-12-03,112.88,1.2833,6.3758,4538.43
2021-12-06,113.31,1.2785,6.3756,4591.67
2021-12-07,113.61,1.2651,6.3657,4686.75
2021-12-08,113.83,1.2653,6.3435,4701.21
2021-12-09,113.53,1.2698,6.3772,4667.45
2021-12-10,113.36,1.2706,6.3685,4712.02
2021-12-13,113.42,1.2795,6.3659,4668.97
2021-12-14,113.63,1.2858,6.3671,4634.09
2021-12-15,113.83,1.2916,6.3673,4709.85
2021-12-16,113.67,1.2772,6.3674,4668.67
2021-12-17,113.56,1.283,6.3748,4620.64
2021-12-20,113.45,1.2941,6.3756,4568.02
2021-12-21,114.11,1.2927,6.3716,4649.23
2021-12-22,114.22,1.2844,6.3695,4696.56
2021-12-23,114.42,1.2809,6.3696,4725.79
2021-12-24,,,,
2021-12-27,114.85,1.2797,6.3705,4791.19
2021-12-28,114.75,1.2814,6.3684,4786.35
2021-12-29,114.97,1.281,6.368,4793.06
2021-12-30,115.17,1.2777,6.3726,4778.73
2021-12-31,,,,4766.18
2022-01-03,115.27,1.2757,6.355,4796.56
2022-01-04,116.12,1.2697,6.3721,4793.54
2022-01-05,115.91,1.27,6.364,4700.58
2022-01-06,115.78,1.2725,6.3822,4696.05
2022-01-07,115.61,1.2643,6.3769,4677.03
2022-01-10,115.14,1.2679,6.3756,4670.29
2022-01-11,115.38,1.2598,6.3735,4713.07
2022-01-12,114.74,1.2501,6.358,4726.35
2022-01-13,114.06,1.2482,6.3595,4659.03
2022-01-14,113.89,1.2549,6.3524,4662.85
2022-01-17,,,,
2022-01-18,114.6,1.2535,6.3525,4577.11
2022-01-19,114.28,1.2499,6.3447,4532.76
2022-01-20,114.08,1.2462,6.3406,4482.73
2022-01-21,113.72,1.2542,6.3385,4397.94
2022-01-24,113.82,1.2688,6.3304,4410.13
2022-01-25,113.88,1.2637,6.3257,4356.45
2022-01-26,114.33,1.2597,6.3206,4349.93
2022-01-27,115.47,1.2709,6.3677,4326.51
2022-01-28,115.21,1.2753,6.3605,4431.85
2022-01-31,115.22,1.2694,6.361,4515.55
2022-02-01,114.77,1.2688,6.361,4546.54
2022-02-02,114.36,1.2689,6.361,4589.38
2022-02-03,114.88,1.2679,6.361,4477.44
2022-02-04,115.22,1.2759,6.361,4500.53
2022-02-07,115.09,1.2685,6.361,4483.87
2022-02-08,115.62,1.2709,6.366,4521.54
2022-02-09,115.44,1.2675,6.3619,4587.18
2022-02-10,115.84,1.2647,6.3526,4504.08
2022-02-11,115.91,1.2678,6.354,4418.64
2022-02-14,115.72,1.2732,6.3567,4401.67
2022-02-15,115.64,1.2742,6.3385,4471.07
2022-02-16,115.41,1.2687,6.3366,4475.01
2022-02-17,115.03,1.2696,6.3381,4380.26
2022-02-18,115.08,1.2748,6.3251,4348.87
2022-02-21,,,,
2022-02-22,114.94,1.2736,6.326,4304.76
2022-02-23,115.12,1.2717,6.3134,4225.5
2022-02-24,115.45,1.284,6.3283,4288.7
2022-02-25,115.62,1.274,6.3169,4384.65
2022-02-28,115.11,1.2662,6.3084,4373.94
2022-03-01,114.87,1.2709,6.3116,4306.26
2022-03-02,115.59,1.2657,6.321,4386.54
2022-03-03,115.67,1.2675,6.3195,4363.49
2022-03-04,114.65,1.276,6.3188,4328.87
2022-03-07,115.41,1.2772,6.3194,4201.09
2022-03-08,115.64,1.2893,6.3178,4170.7
2022-03-09,115.87,1.2812,6.3174,4277.88
2022-03-10,116.05,1.2772,6.3212,4259.52
2022-03-11,117.08,1.2723,6.3389,4204.31
2022-03-14,118.0,1.2774,6.3645,4173.11
2022-03-15,118.19,1.2806,6.3696,4262.45
2022-03-16,118.48,1.2742,6.351,4357.86
2022-03-17,118.45,1.2637,6.3459,4411.67
2022-03-18,119.17,1.2633,6.3609,4463.12
2022-03-21,119.15,1.258,6.3552,4461.18
2022-03-22,120.66,1.2604,6.366,4511.61
2022-03-23,121.02,1.2555,6.372,4456.24
2022-03-24,122.08,1.2532,6.367,4520.16
2022-03-25,121.98,1.2512,6.3658,4543.06
2022-03-28,123.25,1.255,6.3714,4575.52
2022-03-29,122.61,1.2513,6.3635,4631.6
2022-03-30,121.97,1.2495,6.347,4602.45
2022-03-31,121.44,1.2482,6.3393,4530.41
2022-04-01,122.6,1.2507,6.3625,4545.86
2022-04-04,122.7,1.2491,6.3619,4582.64
2022-04-05,123.48,1.2452,6.3619,4525.12
2022-04-06,123.7,1.2502,6.359,4481.15
2022-04-07,123.8,1.2592,6.36,4500.21
2022-04-08,124.31,1.2577,6.3643,4488.28
2022-04-11,125.55,1.2622,6.3692,4412.53
2022-04-12,125.25,1.2609,6.3651,4397.45
2022-04-13,125.51,1.2595,6.3678,4446.59
2022-04-14,125.92,1.2628,6.3775,4392.59
2022-04-15,126.31,1.2613,6.3705,
2022-04-18,126.77,1.262,6.363,4391.69
2022-04-19,128.55,1.2618,6.393,4462.21
2022-04-20,127.76,1.249,6.4188,4459.45
2022-04-21,128.62,1.2526,6.45,4393.66
2022-04-22,128.78,1.2716,6.501,4271.78
2022-04-25,127.66,1.2775,6.5585,4296.12
2022-04-26,127.37,1.2796,6.5552,4175.2
2022-04-27,128.44,1.283,6.5595,4183.96
2022-04-28,130.94,1.2831,6.6243,4287.5
2022-04-29,129.84,1.2802,6.608,4131.93
2022-05-02,130.18,1.2884,6.6079,4155.38
2022-05-03,130.09,1.2837,6.6079,4175.48
2022-05-04,129.97,1.2817,6.6079,4300.17
2022-05-05,130.41,1.2849,6.6535,4146.87
2022-05-06,130.35,1.289,6.6651,4123.34
2022-05-09,130.37,1.2962,6.7295,3991.24
2022-05-10,130.21,1.303,6.7343,4001.05
2022-05-11,130.2,1.2943,6.7186,3935.18
2022-05-12,128.1,1.3055,6.786,3930.08
2022-05-13,129.23,1.2929,6.788,4023.89
2022-05-16,129.15,1.2883,6.7852,4008.01
2022-05-17,129.31,1.2839,6.7361,4088.85
2022-05-18,128.22,1.2838,6.754,3923.68
2022-05-19,127.62,1.2821,6.7109,3900.79
2022-05-20,127.86,1.2837,6.6921,3901.36
2022-05-23,127.78,1.2784,6.649,3973.75
2022-05-24,126.56,1.284,6.653,3941.48
2022-05-25,127.31,1.2837,6.6916,3978.73
2022-05-26,127.23,1.2788,6.738,4057.84
2022-05-27,127.14,1.274,6.698,4158.24
2022-05-30,,,,
2022-05-31,128.53,1.2639,6.6715,4132.15
2022-06-01,130.09,1.267,6.6858,4101.23
2022-06-02,129.83,1.2587,6.6596,4176.82
2022-06-03,130.71,1.2581,6.6595,4108.54
2022-06-06,131.55,1.257,6.6534,4121.43
2022-06-07,132.53,1.255,6.6675,4160.68
2022-06-08,134.06,1.2524,6.6825,4115.77
2022-06-09,134.06,1.2651,6.6915,4017.82
2022-06-10,134.19,1.2782,6.7081,3900.86
2022-06-13,134.12,1.2851,6.753,3749.63
2022-06-14,134.89,1.2933,6.7395,3735.48
2022-06-15,134.5,1.297,6.7128,3789.99
2022-06-16,131.65,1.2925,6.703,3666.77
2022-06-17,135.14,1.3054,6.716,3674.84
2022-06-20,,,,
2022-06-21,136.25,1.2927,6.688,3764.79
2022-06-22,136.05,1.2932,6.6983,3759.89
2022-06-23,134.72,1.2979,6.698,3795.73
2022-06-24,135.22,1.2919,6.6878,3911.74
2022-06-27,135.26,1.287,6.6899,3900.11
2022-06-28,136.19,1.2882,6.707,3821.55
2022-06-29,136.5,1.2861,6.6997,3818.83
2022-06-30,135.69,1.2871,6.6981,3785.38
2022-07-01,135.09,1.2915,6.7,3825.33
2022-07-04,,,,
2022-07-05,135.72,1.3064,6.7192,3831.39
2022-07-06,135.66,1.3052,6.707,3845.08
2022-07-07,135.99,1.2988,6.7005,3902.62
2022-07-08,136.16,1.2947,6.6945,3899.38
2022-07-11,137.29,1.2979,6.7175,3854.43
2022-07-12,136.68,1.3003,6.7234,3818.8
2022-07-13,137.34,1.2956,6.7175,3801.78
2022-07-14,138.94,1.31,6.7542,3790.38
2022-07-15,138.57,1.3041,6.7565,3863.16
2022-07-18,138.23,1.2919,6.742,3830.85
2022-07-19,137.94,1.2887,6.743,3936.69
2022-07-20,138.16,1.2875,6.754,3959.9
2022-07-21,137.94,1.2885,6.7655,3998.95
2022-07-22,136.12,1.2861,6.75,3961.63
2022-07-25,136.72,1.2845,6.7499,3966.84
2022-07-26,136.62,1.2891,6.7616,3921.05
2022-07-27,137.31,1.2881,6.757,4023.61
2022-07-28,134.45,1.2835,6.7465,4072.43
2022-07-29,133.25,1.2801,6.7433,4130.29
2022-08-01,131.8,1.283,6.7674,4118.63
2022-08-02,132.32,1.2855,6.7499,4091.19
2022-08-03,134.18,1.2869,6.7565,4155.17
2022-08-04,133.28,1.2852,6.7485,4151.94
2022-08-05,135.33,1.2942,6.7607,4145.19
2022-08-08,134.73,1.2854,6.7505,4140.06
2022-08-09,134.95,1.288,6.7525,4122.47
2022-08-10,132.58,1.2773,6.723,4210.24
2022-08-11,132.66,1.2744,6.7445,4207.27
2022-08-12,133.57,1.2783,6.7425,4280.15
2022-08-15,133.13,1.2891,6.7715,4297.14
2022-08-16,134.38,1.2874,6.7875,4305.2
2022-08-17,135.4,1.2932,6.7805,4274.04
2022-08-18,135.29,1.2945,6.7855,4283.74
2022-08-19,137.01,1.2994,6.8164,4228.48
2022-08-22,137.57,1.3038,6.8476,4137.99
2022-08-23,136.36,1.2945,6.8476,4128.73
2022-08-24,136.92,1.2969,6.8581,4140.77
2022-08-25,136.83,1.2944,6.8477,4199.12
2022-08-26,137.07,1.3006,6.8715,4057.66
2022-08-29,138.74,1.3001,6.9067,4030.61
2022-08-30,138.73,1.309,6.91,3986.16
2022-08-31,138.69,1.3091,6.889,3955.0
2022-09-01,139.93,1.316,6.9066,3966.85
2022-09-02,140.03,1.3089,6.8985,3924.26
2022-09-05,,,,
2022-09-06,142.95,1.3122,6.9532,3908.19
2022-09-07,144.39,1.3166,6.965,3979.87
2022-09-08,144.05,1.3118,6.9562,4006.18
2022-09-09,142.44,1.3036,6.924,4067.36
2022-09-12,142.41,1.2976,6.9265,4110.41
2022-09-13,144.3,1.3123,6.9245,3932.69
2022-09-14,142.93,1.3156,6.9612,3946.01
2022-09-15,143.57,1.3204,6.9934,3901.35
2022-09-16,143.04,1.3273,6.9799,3873.33
2022-09-19,143.34,1.3287,7.005,3899.89
2022-09-20,143.64,1.3339,7.0176,3855.93
2022-09-21,144.14,1.3397,7.0479,3789.93
2022-09-22,142.16,1.3499,7.0772,3757.99
2022-09-23,143.18,1.3581,7.1266,3693.23
2022-09-26,144.45,1.3745,7.1384,3655.04
2022-09-27,144.71,1.3738,7.176,3647.29
2022-09-28,144.15,1.3648,7.199,3719.04
2022-09-29,144.45,1.37,7.1196,3640.47
2022-09-30,144.71,1.3752,7.1135,3585.62
2022-10-03,144.5,1.3651,7.1103,3678.43
2022-10-04,144.32,1.3551,7.1103,3790.93
2022-10-05,144.73,1.3662,7.1103,3783.28
2022-10-06,144.94,1.3732,7.1103,3744.52
2022-10-07,145.19,1.3692,7.1103,3639.66
2022-10-10,,,,3612.39
2022-10-11,145.55,1.3737,7.1639,3588.84
2022-10-12,146.87,1.3797,7.172,3577.03
2022-10-13,147.15,1.3744,7.17,3669.91
2022-10-14,148.46,1.3873,7.1895,3583.07
2022-10-17,148.71,1.3723,7.1946,3677.95
2022-10-18,149.23,1.379,7.2001,3719.98
2022-10-19,149.77,1.3783,7.228,3695.16
2022-10-20,149.82,1.3715,7.2129,3665.78
2022-10-21,146.35,1.3673,7.2399,3752.75
2022-10-24,148.76,1.3704,7.2629,3797.34
2022-10-25,147.85,1.3616,7.2688,3859.11
2022-10-26,146.5,1.3551,7.171,3830.6
2022-10-27,146.02,1.3532,7.2239,3807.3
2022-10-28,147.68,1.3622,7.2499,3901.06
2022-10-31,148.63,1.3639,7.3048,3871.98
2022-11-01,148.11,1.3639,7.273,3856.1
2022-11-02,147.11,1.3628,7.289,3759.69
2022-11-03,148.18,1.3729,7.3,3719.89
2022-11-04,147.22,1.3528,7.2996,3770.55
2022-11-07,146.64,1.3497,7.2266,3806.8
2022-11-08,145.38,1.3389,7.2485,3828.11
2022-11-09,146.15,1.3453,7.2401,3748.57
2022-11-10,141.78,1.3362,7.184,3956.37
2022-11-11,,,,3992.93
2022-11-14,140.43,1.3295,7.071,3957.25
2022-11-15,139.36,1.328,7.044,3991.73
2022-11-16,139.59,1.3343,7.0964,3958.79
2022-11-17,140.45,1.3343,7.1551,3946.56
2022-11-18,140.03,1.3379,7.1192,3965.34
2022-11-21,141.95,1.3483,7.164,3949.94
2022-11-22,141.29,1.3401,7.1388,4003.58
2022-11-23,139.76,1.3416,7.158,4027.26
2022-11-24,,,,
2022-11-25,139.21,1.337,7.1642,4026.12
2022-11-28,138.67,1.3433,7.2074,3963.94
2022-11-29,138.28,1.3636,7.1568,3957.63
2022-11-30,139.31,1.3538,7.0879,4080.11
2022-12-01,135.55,1.3427,7.0424,4076.57
2022-12-02,134.89,1.3448,7.019,4071.7
2022-12-05,136.55,1.3571,6.961,3998.84
2022-12-06,136.67,1.3652,6.9935,3941.26
2022-12-07,136.57,1.364,6.9702,3933.92
2022-12-08,136.45,1.3574,6.9649,3963.51
2022-12-09,136.4,1.3604,6.9559,3934.38
2022-12-12,137.47,1.3654,6.9773,3990.56
2022-12-13,135.14,1.353,6.943,4019.65
2022-12-14,134.95,1.3567,6.9498,3995.32
2022-12-15,137.92,1.3649,6.9716,3895.75
2022-12-16,136.55,1.369,6.9708,3852.36
2022-12-19,136.87,1.3638,6.9772,3817.66
2022-12-20,131.08,1.3618,6.96,3821.62
2022-12-21,132.36,1.3622,6.981,3878.44
2022-12-22,132.34,1.3653,6.9829,3822.39
2022-12-23,132.78,1.3587,6.988,3844.82
2022-12-26,,,,
2022-12-27,133.43,1.3504,6.96,3829.25
2022-12-28,134.27,1.3588,6.9774,3783.22
2022-12-29,133.16,1.3546,6.9625,3849.28
2022-12-30,131.81,1.3532,6.8972,3839.5
